Datetime,Open,High,Low,Close,Volume,QuantityVol
1609113600000,0.3192,0.3337,0.3149,0.3288,181242,1812420
1609128000000,0.3289,0.3342,0.3238,0.3315,106575,1065750
1609142400000,0.3317,0.343,0.3315,0.3428,137571,1375710
1609156800000,0.3431,0.3449,0.3317,0.3393,163920,1639200
1609171200000,0.3392,0.3566,0.338,0.3484,168072,1680720
1609185600000,0.3485,0.3574,0.3331,0.3572,159025,1590250
1609200000000,0.3574,0.3627,0.3342,0.3349,222546,2225460
1609214400000,0.3338,0.347,0.326,0.347,156966,1569660
1609228800000,0.3466,0.3532,0.3357,0.3424,161239,1612390
1609243200000,0.3424,0.3484,0.3317,0.3346,176630,1766300
1609257600000,0.3343,0.3395,0.3199,0.3331,221493,2214930
1609272000000,0.3334,0.35,0.3325,0.3462,146111,1461110
1609286400000,0.3464,0.3592,0.3414,0.3439,236830,2368300
1609300800000,0.3439,0.3475,0.336,0.3394,100657,1006570
1609315200000,0.3396,0.3399,0.3282,0.3307,127777,1277770
1609329600000,0.3296,0.3412,0.3272,0.3394,129418,1294180
1609344000000,0.3398,0.3448,0.3323,0.3354,153118,1531180
1609358400000,0.3353,0.3367,0.3303,0.3354,88065,880650
1609372800000,0.3354,0.3366,0.3249,0.3313,120305,1203050
1609387200000,0.3312,0.3372,0.3259,0.3312,115332,1153320
1609401600000,0.3312,0.3368,0.3261,0.3315,102276,1022760
1609416000000,0.3315,0.3339,0.3162,0.3237,145556,1455560
1609430400000,0.3237,0.3313,0.322,0.3242,84398,843980
1609444800000,0.3242,0.3356,0.3217,0.3356,95089,950890
1609459200000,0.3356,0.3617,0.3314,0.3597,475146,4751460
1609473600000,0.3597,0.3672,0.3528,0.3576,305973,3059730
1609488000000,0.3578,0.379,0.35,0.3666,363845,3638450
1609502400000,0.3669,0.4327,0.3669,0.4076,851533,8515330
1609516800000,0.4086,0.4249,0.3876,0.3934,727490,7274900
1609531200000,0.3922,0.4275,0.3912,0.3986,410976,4109760
1609545600000,0.3985,0.4235,0.3822,0.4108,627966,6279660
1609560000000,0.4099,0.4633,0.4015,0.4347,607810,6078100
1609574400000,0.4354,0.457,0.4227,0.4537,548706,5487060
1609588800000,0.4533,0.4559,0.4156,0.4292,538423,5384230
1609603200000,0.43,0.4301,0.3969,0.4065,381225,3812250
1609617600000,0.4062,0.4099,0.3893,0.4077,237657,2376570
1609632000000,0.4076,0.4354,0.405,0.4076,390163,3901630
1609646400000,0.4073,0.4322,0.4073,0.4162,299595,2995950
1609660800000,0.4164,0.4172,0.3995,0.4108,256678,2566780
1609675200000,0.4108,0.4378,0.4049,0.417,543086,5430860
1609689600000,0.418,0.4304,0.4095,0.4165,250308,2503080
1609704000000,0.4175,0.4292,0.4054,0.4261,259701,2597010
1609718400000,0.4272,0.4625,0.4272,0.4507,427661,4276610
1609732800000,0.451,0.455,0.4045,0.4153,406066,4060660
1609747200000,0.4169,0.425,0.3671,0.3965,491889,4918890
1609761600000,0.3963,0.4128,0.3896,0.4096,198278,1982780
1609776000000,0.4117,0.4131,0.385,0.4005,179519,1795190
1609790400000,0.4,0.45,0.3908,0.4472,273954,2739540
1609804800000,0.4478,0.4684,0.413,0.4142,371370,3713700
1609819200000,0.4142,0.426,0.4038,0.4201,251955,2519550
1609833600000,0.4209,0.4708,0.4209,0.4604,400433,4004330
1609848000000,0.4604,0.4955,0.4448,0.4805,508553,5085530
1609862400000,0.482,0.4913,0.4563,0.4628,282690,2826900
1609876800000,0.4627,0.4926,0.4617,0.4797,310967,3109670
1609891200000,0.4794,0.4877,0.4588,0.4653,227298,2272980
1609905600000,0.4654,0.4774,0.457,0.4747,186144,1861440
1609920000000,0.4759,0.5031,0.4726,0.4875,315991,3159910
1609934400000,0.4878,0.5309,0.4763,0.5106,372173,3721730
1609948800000,0.5122,0.5282,0.4922,0.4933,225024,2250240
1609963200000,0.4957,0.5177,0.4708,0.5109,308600,3086000
1609977600000,0.5125,0.52,0.4909,0.5039,207301,2073010
1609992000000,0.5036,0.5199,0.4934,0.4994,206149,2061490
1610006400000,0.4996,0.5073,0.473,0.4817,392079,3920790
1610020800000,0.4814,0.5084,0.4808,0.4976,258615,2586150
1610035200000,0.4978,0.5002,0.4333,0.4705,435980,4359800
1610049600000,0.4716,0.4786,0.4509,0.4612,152357,1523570
1610064000000,0.4617,0.4653,0.4125,0.4392,322253,3222530
1610078400000,0.4392,0.4594,0.4269,0.4573,321402,3214020
1610092800000,0.4573,0.4791,0.448,0.4659,194310,1943100
1610107200000,0.4661,0.4881,0.4479,0.4629,283596,2835960
1610121600000,0.4632,0.4714,0.4358,0.4375,156190,1561900
1610136000000,0.4374,0.4565,0.4282,0.4564,141577,1415770
1610150400000,0.4564,0.4738,0.4367,0.4736,157267,1572670
1610164800000,0.4734,0.4734,0.4492,0.4643,204702,2047020
1610179200000,0.4658,0.4841,0.4588,0.4752,201268,2012680
1610193600000,0.4755,0.4962,0.4742,0.487,244308,2443080
1610208000000,0.4873,0.4929,0.468,0.4885,215832,2158320
1610222400000,0.4883,0.4924,0.4783,0.4852,179697,1796970
1610236800000,0.4856,0.5085,0.4856,0.491,299143,2991430
1610251200000,0.4916,0.5158,0.4896,0.5069,153551,1535510
1610265600000,0.5071,0.5146,0.4485,0.4589,368182,3681820
1610280000000,0.4582,0.4782,0.4497,0.469,272874,2728740
1610294400000,0.4692,0.4747,0.4309,0.4511,92320,923200
1610308800000,0.4497,0.4661,0.449,0.4593,87914,879140
1610323200000,0.4591,0.4606,0.3936,0.418,265719,2657190
1610337600000,0.4179,0.4237,0.39,0.4192,261388,2613880
1610352000000,0.4194,0.4372,0.4163,0.4169,141980,1419800
1610366400000,0.4173,0.4249,0.3794,0.3891,308696,3086960
1610380800000,0.3881,0.4061,0.3714,0.3959,297825,2978250
1610395200000,0.3956,0.4186,0.391,0.417,139213,1392130
1610409600000,0.417,0.4254,0.3982,0.4211,160370,1603700
1610424000000,0.4211,0.4299,0.4162,0.4285,116243,1162430
1610438400000,0.4283,0.4288,0.4,0.4133,151775,1517750
1610452800000,0.4134,0.4184,0.3925,0.4031,133261,1332610
1610467200000,0.404,0.4186,0.3963,0.4029,135424,1354240
1610481600000,0.402,0.406,0.391,0.3988,118368,1183680
1610496000000,0.3991,0.4073,0.3809,0.404,173236,1732360
1610510400000,0.4041,0.4148,0.3981,0.4127,96849,968490
1610524800000,0.4129,0.428,0.4094,0.4145,137334,1373340
1610539200000,0.4147,0.4366,0.4111,0.4353,137282,1372820
1610553600000,0.4356,0.4469,0.4349,0.4383,136350,1363500
1610568000000,0.4386,0.4528,0.4361,0.4505,138087,1380870
1610582400000,0.4503,0.4529,0.4318,0.4319,125439,1254390
1610596800000,0.4319,0.4429,0.4295,0.4383,86795,867950
1610611200000,0.4381,0.4465,0.4333,0.4392,90947,909470
1610625600000,0.4394,0.452,0.4354,0.4492,115574,1155740
1610640000000,0.4496,0.4657,0.4496,0.4643,139586,1395860
1610654400000,0.4641,0.4672,0.435,0.4559,116404,1164040
1610668800000,0.4565,0.4905,0.453,0.4651,222356,2223560
1610683200000,0.4651,0.488,0.453,0.4878,165625,1656250
1610697600000,0.4879,0.4988,0.4779,0.4817,202752,2027520
1610712000000,0.4819,0.4947,0.4432,0.4479,296808,2968080
1610726400000,0.4465,0.4642,0.4236,0.4552,176638,1766380
1610740800000,0.4548,0.4922,0.453,0.4884,135243,1352430
1610755200000,0.4884,0.5116,0.4843,0.5046,222399,2223990
1610769600000,0.505,0.528,0.4884,0.5255,199310,1993100
1610784000000,0.5257,0.547,0.5138,0.5383,231443,2314430
1610798400000,0.5384,0.55,0.5132,0.5493,205627,2056270
1610812800000,0.55,0.5505,0.5072,0.5146,217962,2179620
1610827200000,0.5146,0.5273,0.4844,0.5181,179866,1798660
1610841600000,0.5182,0.5412,0.5018,0.526,191803,1918030
1610856000000,0.5258,0.5366,0.4897,0.4946,187235,1872350
1610870400000,0.4946,0.5258,0.4824,0.5187,211776,2117760
1610884800000,0.5186,0.549,0.5118,0.541,202184,2021840
1610899200000,0.5406,0.5749,0.5318,0.5632,223155,2231550
1610913600000,0.5637,0.5888,0.5542,0.5883,161245,1612450
1610928000000,0.5879,0.6086,0.5507,0.5602,238702,2387020
1610942400000,0.5604,0.5894,0.5526,0.5856,155007,1550070
1610956800000,0.5836,0.5907,0.5569,0.5619,181415,1814150
1610971200000,0.5623,0.565,0.5428,0.559,219566,2195660
1610985600000,0.559,0.5606,0.5437,0.5588,107522,1075220
1611000000000,0.5589,0.5778,0.5568,0.5669,143378,1433780
1611014400000,0.5671,0.5721,0.5468,0.5492,159794,1597940
1611028800000,0.5495,0.5589,0.544,0.5562,137157,1371570
1611043200000,0.5575,0.577,0.5525,0.5629,165201,1652010
1611057600000,0.5636,0.5645,0.5508,0.5548,102581,1025810
1611072000000,0.5555,0.5573,0.5151,0.523,134030,1340300
1611086400000,0.5231,0.5409,0.5181,0.5221,103402,1034020
1611100800000,0.5221,0.5388,0.5144,0.5159,148838,1488380
1611115200000,0.5159,0.5439,0.5054,0.5323,149719,1497190
1611129600000,0.5319,0.5323,0.4922,0.4988,125713,1257130
1611144000000,0.4987,0.5181,0.4887,0.4971,149155,1491550
1611158400000,0.4969,0.5252,0.4849,0.5252,140175,1401750
1611172800000,0.5256,0.55,0.5244,0.5478,154780,1547800
1611187200000,0.5479,0.5497,0.5135,0.5204,138853,1388530
1611201600000,0.5201,0.5252,0.5062,0.5168,103727,1037270
1611216000000,0.5165,0.5169,0.488,0.4897,173408,1734080
1611230400000,0.4892,0.4994,0.4736,0.4769,236269,2362690
1611244800000,0.4759,0.4898,0.4673,0.4892,152782,1527820
1611259200000,0.489,0.4901,0.4484,0.4612,136870,1368700
1611273600000,0.4618,0.4726,0.4292,0.4709,262476,2624760
1611288000000,0.471,0.4877,0.4684,0.4746,110102,1101020
1611302400000,0.4756,0.5016,0.4693,0.4973,91808,918080
1611316800000,0.4978,0.5226,0.4978,0.5168,127579,1275790
1611331200000,0.5161,0.538,0.5077,0.5326,123083,1230830
1611345600000,0.5325,0.533,0.5033,0.509,132980,1329800
1611360000000,0.5087,0.5286,0.502,0.5285,136474,1364740
1611374400000,0.5284,0.5516,0.5265,0.5428,123985,1239850
1611388800000,0.543,0.5457,0.5126,0.5175,141938,1419380
1611403200000,0.5167,0.5391,0.5106,0.5324,134118,1341180
1611417600000,0.5322,0.5733,0.5278,0.561,191783,1917830
1611432000000,0.5611,0.5669,0.5486,0.5564,89609,896090
1611446400000,0.5564,0.5819,0.5553,0.5655,151367,1513670
1611460800000,0.5653,0.5743,0.5523,0.5566,99097,990970
1611475200000,0.5572,0.5787,0.5507,0.5684,157427,1574270
1611489600000,0.5683,0.5782,0.5522,0.5742,141864,1418640
1611504000000,0.5748,0.5778,0.5467,0.5516,141739,1417390
1611518400000,0.5514,0.5645,0.5513,0.5623,84120,841200
1611532800000,0.5623,0.6001,0.5621,0.5881,148783,1487830
1611547200000,0.5881,0.6303,0.5841,0.6174,214411,2144110
1611561600000,0.6179,0.635,0.5915,0.6231,261359,2613590
1611576000000,0.6233,0.6268,0.6002,0.6127,223600,2236000
1611590400000,0.6129,0.6156,0.5841,0.5904,145755,1457550
1611604800000,0.5897,0.5897,0.5501,0.5556,172770,1727700
1611619200000,0.5542,0.584,0.5496,0.5536,222145,2221450
1611633600000,0.5521,0.5695,0.5487,0.5597,144659,1446590
1611648000000,0.5597,0.5708,0.5466,0.5592,114900,1149000
1611662400000,0.5586,0.5625,0.5357,0.5503,123688,1236880
1611676800000,0.5504,0.6172,0.5492,0.6172,163028,1630280
1611691200000,0.6173,0.6183,0.589,0.6007,155080,1550800
1611705600000,0.5997,0.6019,0.5757,0.5805,136607,1366070
1611720000000,0.5792,0.5855,0.56,0.5824,139381,1393810
1611734400000,0.582,0.582,0.5474,0.5474,159456,1594560
1611748800000,0.5475,0.5646,0.5248,0.5516,176541,1765410
1611763200000,0.5522,0.5635,0.5281,0.5454,129705,1297050
1611777600000,0.5456,0.558,0.5379,0.542,112069,1120690
1611792000000,0.541,0.5625,0.5248,0.5616,161795,1617950
1611806400000,0.5614,0.5682,0.5498,0.5534,114504,1145040
1611820800000,0.5536,0.5618,0.5451,0.5556,126120,1261200
1611835200000,0.5561,0.5785,0.553,0.5732,166818,1668180
1611849600000,0.5738,0.5757,0.5584,0.5655,128779,1287790
1611864000000,0.5653,0.579,0.5588,0.559,156100,1561000
1611878400000,0.5587,0.5877,0.5579,0.5708,183456,1834560
1611892800000,0.5709,0.5789,0.5605,0.5673,119935,1199350
1611907200000,0.568,0.5751,0.5527,0.5631,201360,2013600
1611921600000,0.5633,0.5804,0.5565,0.5729,164205,1642050
1611936000000,0.5731,0.6025,0.5659,0.5734,224134,2241340
1611950400000,0.5718,0.685,0.5718,0.637,316273,3162730
1611964800000,0.6377,0.6791,0.6147,0.6204,268435,2684350
1611979200000,0.6206,0.653,0.6206,0.6502,158029,1580290
1611993600000,0.6511,0.6671,0.6363,0.645,170548,1705480
1612008000000,0.6447,0.7026,0.6437,0.6956,273944,2739440
1612022400000,0.6958,0.7013,0.6514,0.6579,206450,2064500
1612036800000,0.658,0.6667,0.6403,0.666,123793,1237930
1612051200000,0.6655,0.6785,0.646,0.6519,117676,1176760
1612065600000,0.6516,0.6789,0.6504,0.6525,155178,1551780
1612080000000,0.652,0.6656,0.6398,0.6522,129054,1290540
1612094400000,0.6517,0.702,0.6363,0.6537,224985,2249850
1612108800000,0.6553,0.668,0.6204,0.6486,130260,1302600
1612123200000,0.6485,0.6541,0.6228,0.6531,115776,1157760
1612137600000,0.652,0.652,0.6214,0.6268,115529,1155290
1612152000000,0.6273,0.648,0.6225,0.648,105570,1055700
1612166400000,0.6464,0.6671,0.6322,0.6433,178114,1781140
1612180800000,0.6433,0.6441,0.6174,0.6378,127309,1273090
1612195200000,0.6372,0.657,0.6288,0.651,113182,1131820
1612209600000,0.6508,0.6509,0.6348,0.6442,79141,791410
1612224000000,0.644,0.6474,0.6258,0.6363,96062,960620
1612238400000,0.6373,0.6623,0.6349,0.6593,93644,936440
1612252800000,0.6593,0.6619,0.6429,0.6463,129966,1299660
1612267200000,0.6465,0.6738,0.6426,0.663,150380,1503800
1612281600000,0.6621,0.6621,0.6446,0.6502,126148,1261480
1612296000000,0.6504,0.6597,0.6428,0.6514,90174,901740
1612310400000,0.6508,0.6645,0.6482,0.6572,97851,978510
1612324800000,0.6573,0.6752,0.6573,0.6704,130449,1304490
1612339200000,0.6705,0.6777,0.663,0.6692,111634,1116340
1612353600000,0.6692,0.715,0.6687,0.7073,225626,2256260
1612368000000,0.7077,0.7403,0.6863,0.7237,181778,1817780
1612382400000,0.7232,0.7543,0.7188,0.7445,160748,1607480
1612396800000,0.7464,0.763,0.707,0.7095,178758,1787580
1612411200000,0.7105,0.7381,0.7035,0.7223,122049,1220490
1612425600000,0.7224,0.7354,0.67,0.6887,180754,1807540
1612440000000,0.687,0.7373,0.6826,0.6998,199531,1995310
1612454400000,0.6996,0.7499,0.6952,0.7257,168159,1681590
1612468800000,0.727,0.7326,0.7039,0.7064,127136,1271360
1612483200000,0.7072,0.7275,0.6999,0.7225,109587,1095870
1612497600000,0.7223,0.8043,0.7209,0.7881,227968,2279680
1612512000000,0.7891,0.8343,0.7747,0.8187,251600,2516000
1612526400000,0.8185,0.8519,0.8052,0.8519,170482,1704820
1612540800000,0.8518,0.8908,0.8026,0.8281,287471,2874710
1612555200000,0.8293,0.8381,0.8064,0.8345,101025,1010250
1612569600000,0.8347,0.8401,0.7364,0.7788,187935,1879350
1612584000000,0.7785,0.8052,0.7595,0.7965,108187,1081870
1612598400000,0.7962,0.8108,0.7544,0.7554,123879,1238790
1612612800000,0.7557,0.7834,0.7491,0.7621,112135,1121350
1612627200000,0.7609,0.8432,0.7556,0.8379,146644,1466440
1612641600000,0.8383,0.8633,0.7932,0.8095,222204,2222040
1612656000000,0.8111,0.8381,0.7757,0.8124,133768,1337680
1612670400000,0.8121,0.8463,0.7697,0.8354,122500,1225000
1612684800000,0.8362,0.8789,0.8295,0.8532,104008,1040080
1612699200000,0.8528,0.8688,0.7797,0.8112,70983,709830
1612713600000,0.8107,0.8529,0.7726,0.8285,40573,405730
1612728000000,0.8289,0.8528,0.8126,0.8439,36043,360430
1612742400000,0.8432,0.8873,0.8414,0.8678,89992,899920
1612756800000,0.8688,0.9072,0.8586,0.9052,103366,1033660
1612771200000,0.9074,0.9561,0.907,0.9384,138372,1383720
1612785600000,0.9387,0.9453,0.8573,0.9275,124778,1247780
1612800000000,0.9281,0.9933,0.8969,0.983,95080,950800
1612814400000,0.9824,1.0945,0.9679,1.0058,116139,1161390
1612828800000,1.0064,1.0393,0.9614,1.0393,96792,967920
1612843200000,1.0392,1.0601,0.975,0.9825,72665,726650
1612857600000,0.9852,1.0084,0.964,0.9984,45479,454790
1612872000000,0.9988,1.042,0.9677,1.01,59277,592770
1612886400000,1.0118,1.0783,0.9943,1.0783,63606,636060
1612900800000,1.0789,1.0789,1.0147,1.028,46340,463400
1612915200000,1.0286,1.0482,1.0159,1.0235,53541,535410
1612929600000,1.0231,1.0333,0.9959,1.0127,35814,358140
1612944000000,1.0123,1.0431,1.0009,1.034,53015,530150
1612958400000,1.032,1.0336,0.9156,0.9526,120855,1208550
1612972800000,0.9531,0.9985,0.9381,0.9964,34970,349700
1612987200000,0.9967,1.0495,0.9951,1.0328,55658,556580
1613001600000,1.0329,1.0992,1.0329,1.0955,78623,786230
1613016000000,1.0955,1.2223,1.078,1.1528,264534,2645340
1613030400000,1.1574,1.2487,1.1514,1.2284,101255,1012550
1613044800000,1.232,1.284,1.1704,1.2408,108117,1081170
1613059200000,1.2459,1.3026,1.2099,1.2127,86217,862170
1613073600000,1.2134,1.2548,1.1598,1.2375,44041,440410
1613088000000,1.2403,1.2749,1.1969,1.1999,61842,618420
1613102400000,1.1989,1.2901,1.1781,1.2847,75135,751350
1613116800000,1.2854,1.4433,1.28,1.3832,133652,1336520
1613131200000,1.3846,1.5972,1.3706,1.5689,173890,1738900
1613145600000,1.5726,1.8564,1.5726,1.7135,362815,3628150
1613160000000,1.7179,1.7353,1.6098,1.7185,79428,794280
1613174400000,1.7221,1.8006,1.6695,1.7148,83393,833930
1613188800000,1.7155,1.7542,1.5277,1.53,86293,862930
1613203200000,1.534,1.6195,1.3486,1.497,223396,2233960
1613217600000,1.4944,1.6496,1.4641,1.6411,132729,1327290
1613232000000,1.6491,1.6785,1.5344,1.6477,82431,824310
1613246400000,1.6505,1.7691,1.63,1.6729,56856,568560
1613260800000,1.6737,1.6898,1.5205,1.5271,54864,548640
1613275200000,1.5313,1.5968,1.5313,1.5968,51190,511900
1613289600000,1.5971,1.6347,1.5268,1.5674,61712,617120
1613304000000,1.5669,1.5669,1.4057,1.4488,66535,665350
1613318400000,1.4472,1.562,1.4453,1.4859,54933,549330
1613332800000,1.4831,1.5633,1.4691,1.4692,37935,379350
1613347200000,1.4723,1.5002,1.1765,1.3545,181710,1817100
1613361600000,1.3546,1.4043,1.2482,1.3794,87862,878620
1613376000000,1.3824,1.45,1.3334,1.4308,70637,706370
1613390400000,1.4329,1.5419,1.4,1.5152,69907,699070
1613404800000,1.5158,1.5475,1.452,1.4662,54044,540440
1613419200000,1.4673,1.4707,1.3005,1.353,82024,820240
1613433600000,1.3588,1.451,1.3159,1.4146,71785,717850
1613448000000,1.41,1.4305,1.3579,1.4119,121617,1216170
1613462400000,1.4119,1.4698,1.3849,1.3985,63537,635370
1613476800000,1.3978,1.4291,1.3434,1.3595,71988,719880
1613491200000,1.36,1.3666,1.2638,1.3095,99797,997970
1613505600000,1.3083,1.3182,1.2676,1.3128,46922,469220
1613520000000,1.3141,1.3255,1.2383,1.2395,67035,670350
1613534400000,1.2361,1.2932,1.1995,1.292,81407,814070
1613548800000,1.2925,1.3477,1.2629,1.3467,72329,723290
1613563200000,1.3458,1.4257,1.3218,1.3367,72839,728390
1613577600000,1.34,1.4008,1.3207,1.3814,36298,362980
1613592000000,1.3818,1.4162,1.3439,1.3684,51280,512800
1613606400000,1.3692,1.454,1.368,1.4086,72343,723430
1613620800000,1.4092,1.4549,1.397,1.4177,67064,670640
1613635200000,1.4178,1.4283,1.3475,1.3807,73583,735830
1613649600000,1.3806,1.4071,1.3524,1.3763,52254,522540
1613664000000,1.3747,1.4183,1.3691,1.3985,49795,497950
1613678400000,1.3983,1.4441,1.3711,1.3981,43988,439880
1613692800000,1.3996,1.4155,1.298,1.3354,52192,521920
1613707200000,1.3346,1.3747,1.3124,1.3599,47024,470240
1613721600000,1.3612,1.3987,1.3301,1.3774,61854,618540
1613736000000,1.3774,1.4342,1.3575,1.3595,136931,1369310
1613750400000,1.3626,1.3789,1.3361,1.3601,43922,439220
1613764800000,1.3592,1.3874,1.3589,1.3722,52703,527030
1613779200000,1.3734,1.3829,1.3261,1.3444,73106,731060
1613793600000,1.3448,1.3937,1.3366,1.3385,118380,1183800
1613808000000,1.3379,1.4347,1.3379,1.4195,92032,920320
1613822400000,1.4235,1.4972,1.3524,1.3884,155034,1550340
1613836800000,1.3881,1.4346,1.3741,1.4058,56795,567950
1613851200000,1.4055,1.4319,1.2363,1.3091,125806,1258060
1613865600000,1.3115,1.339,1.2784,1.3139,63988,639880
1613880000000,1.3205,1.3554,1.2995,1.3019,47487,474870
1613894400000,1.3044,1.3465,1.3003,1.3388,53661,536610
1613908800000,1.339,1.3513,1.3157,1.3387,63683,636830
1613923200000,1.3394,1.3464,1.3021,1.3195,48791,487910
1613937600000,1.3193,1.3202,1.2642,1.3076,37919,379190
1613952000000,1.308,1.3161,1.2395,1.2424,53128,531280
1613966400000,1.2425,1.2773,1.2145,1.2674,63779,637790
1613980800000,1.2666,1.2683,1.1421,1.1616,83866,838660
1613995200000,1.1634,1.1725,0.9352,1.1291,294484,2944840
1614009600000,1.1264,1.178,1.0481,1.1466,106582,1065820
1614024000000,1.1424,1.1847,1.1119,1.1436,47434,474340
1614038400000,1.1442,1.1502,1.0577,1.068,61545,615450
1614052800000,1.0672,1.0852,0.9574,0.9881,108774,1087740
1614067200000,0.9876,0.9959,0.8257,0.9033,269769,2697690
1614081600000,0.9002,1.05,0.8819,1.031,75687,756870
1614096000000,1.036,1.0925,0.909,0.9129,87468,874680
1614110400000,0.9121,1.0154,0.9,1.0056,45636,456360
1614124800000,1.0062,1.1514,0.9552,1.1124,76849,768490
1614139200000,1.1119,1.1836,1.0666,1.1221,76070,760700
1614153600000,1.123,1.1537,1.0915,1.1013,56950,569500
1614168000000,1.1013,1.1367,1.0137,1.0765,101600,1016000
1614182400000,1.0767,1.115,1.0438,1.044,60603,606030
1614196800000,1.0444,1.0658,0.9992,1.0621,41764,417640
1614211200000,1.0614,1.0977,1.025,1.0307,99675,996750
1614225600000,1.0315,1.0914,1.0179,1.0909,44300,443000
1614240000000,1.0902,1.0963,1.0107,1.0764,59416,594160
1614254400000,1.0758,1.1238,1.0581,1.1229,49299,492990
1614268800000,1.1233,1.1516,1.0651,1.0856,68392,683920
1614283200000,1.0847,1.0874,0.9695,0.978,70381,703810
1614297600000,0.9782,1.0043,0.9339,0.9837,99524,995240
1614312000000,0.9838,0.9976,0.898,0.9187,121872,1218720
1614326400000,0.9196,1.0046,0.9156,0.9791,146371,1463710
1614340800000,0.9821,1.0198,0.9714,1.0069,87858,878580
1614355200000,1.0078,1.0519,0.9788,0.9817,98141,981410
1614369600000,0.9839,0.9915,0.93,0.9727,52741,527410
1614384000000,0.9721,1.0214,0.9721,0.9964,82433,824330
1614398400000,1.0004,1.0324,0.984,1.0023,89005,890050
1614412800000,1.0021,1.0413,0.975,1.0304,85026,850260
1614427200000,1.0299,1.0888,1.0083,1.0369,123084,1230840
1614441600000,1.0349,1.1553,1.0251,1.155,115782,1157820
1614456000000,1.1564,1.1923,1.045,1.0991,92772,927720
1614470400000,1.0982,1.1317,1.0117,1.0317,148078,1480780
1614484800000,1.0316,1.0833,1.0012,1.0229,97717,977170
1614499200000,1.0224,1.0867,1.0126,1.0426,118810,1188100
1614513600000,1.0432,1.0558,0.9481,0.9611,70039,700390
1614528000000,0.9596,1.0226,0.943,1.0186,62013,620130
1614542400000,1.0192,1.0493,0.9962,1.022,88583,885830
1614556800000,1.022,1.0663,1.009,1.0358,96577,965770
1614571200000,1.0426,1.0462,1.006,1.0221,69717,697170
1614585600000,1.0236,1.0904,1.0223,1.0881,86964,869640
1614600000000,1.0882,1.1067,1.0607,1.1027,75556,755560
1614614400000,1.1033,1.1105,1.045,1.0592,84523,845230
1614628800000,1.0593,1.09,1.0562,1.0887,49512,495120
1614643200000,1.0891,1.1111,1.066,1.0748,113221,1132210
1614657600000,1.0746,1.1045,1.0521,1.0612,106243,1062430
1614672000000,1.0608,1.1343,1.0604,1.1294,105148,1051480
1614686400000,1.1297,1.1673,1.1066,1.1221,108418,1084180
1614700800000,1.1243,1.1503,1.04,1.0546,107231,1072310
1614715200000,1.0543,1.0906,1.04,1.0822,66115,661150
1614729600000,1.0828,1.0948,1.0586,1.0659,53778,537780
1614744000000,1.0664,1.16,1.0664,1.1471,75539,755390
1614758400000,1.1488,1.1722,1.1231,1.1433,63039,630390
1614772800000,1.1434,1.1525,1.0949,1.1274,59206,592060
1614787200000,1.1293,1.233,1.1285,1.1795,97678,976780
1614801600000,1.1792,1.2007,1.1511,1.1806,60254,602540
1614816000000,1.1773,1.2523,1.158,1.159,99804,998040
1614830400000,1.1624,1.1947,1.1394,1.174,105445,1054450
1614844800000,1.1764,1.1975,1.1127,1.1323,62330,623300
1614859200000,1.1328,1.1657,1.1168,1.1507,110366,1103660
1614873600000,1.1507,1.1562,1.051,1.0785,117803,1178030
1614888000000,1.0784,1.0977,1.0562,1.0903,59095,590950
1614902400000,1.0899,1.0899,1.009,1.057,99671,996710
1614916800000,1.0564,1.0613,1.0257,1.0443,104411,1044110
1614931200000,1.0447,1.0467,1.0048,1.0398,43610,436100
1614945600000,1.0397,1.0835,1.0257,1.0554,77596,775960
1614960000000,1.052,1.0918,1.0129,1.0897,108021,1080210
1614974400000,1.0912,1.0973,1.0466,1.0542,58428,584280
1614988800000,1.0553,1.0716,1.0421,1.0451,51841,518410
1615003200000,1.045,1.0682,1.0283,1.0594,65225,652250
1615017600000,1.0595,1.0675,1.035,1.0462,39465,394650
1615032000000,1.0454,1.0474,1.003,1.0217,65568,655680
1615046400000,1.0221,1.0604,1.0163,1.0509,149040,1490400
1615060800000,1.0518,1.0644,1.0356,1.0487,91209,912090
1615075200000,1.0528,1.0832,1.0524,1.0648,97996,979960
1615089600000,1.0645,1.0938,1.0641,1.0938,94376,943760
1615104000000,1.0949,1.1145,1.0724,1.104,76723,767230
1615118400000,1.1043,1.1387,1.0846,1.1035,93300,933000
1615132800000,1.1044,1.1283,1.0626,1.0841,86178,861780
1615147200000,1.0846,1.1114,1.0595,1.1072,63112,631120
1615161600000,1.107,1.1177,1.076,1.1106,89253,892530
1615176000000,1.1104,1.1266,1.0684,1.0785,75785,757850
1615190400000,1.077,1.0975,1.0635,1.0936,82373,823730
1615204800000,1.0949,1.1082,1.0704,1.1031,76748,767480
1615219200000,1.1042,1.1465,1.0836,1.1438,65326,653260
1615233600000,1.1442,1.1671,1.13,1.1548,70473,704730
1615248000000,1.1578,1.163,1.1353,1.1629,53545,535450
1615262400000,1.1649,1.188,1.1498,1.1498,64649,646490
1615276800000,1.1508,1.179,1.1493,1.1534,55754,557540
1615291200000,1.1533,1.1642,1.1164,1.1528,67685,676850
1615305600000,1.153,1.1829,1.1299,1.1721,70841,708410
1615320000000,1.1718,1.1856,1.1652,1.182,51376,513760
1615334400000,1.1831,1.2326,1.1182,1.1301,128252,1282520
1615348800000,1.1286,1.1686,1.1218,1.1658,69186,691860
1615363200000,1.1662,1.175,1.1295,1.1414,77826,778260
1615377600000,1.1406,1.1643,1.1406,1.1534,54590,545900
1615392000000,1.1546,1.1666,1.1355,1.1377,73140,731400
1615406400000,1.1385,1.1431,1.0786,1.1085,101257,1012570
1615420800000,1.109,1.1177,1.0831,1.1021,85544,855440
1615435200000,1.1025,1.1042,1.0793,1.0799,68731,687310
1615449600000,1.0803,1.0991,1.0488,1.0985,140722,1407220
1615464000000,1.0981,1.1214,1.0825,1.0981,70565,705650
1615478400000,1.0989,1.1243,1.0945,1.1096,62021,620210
1615492800000,1.1126,1.1274,1.0777,1.0846,64098,640980
1615507200000,1.0862,1.0934,1.0532,1.07,65508,655080
1615521600000,1.0692,1.092,1.0524,1.0914,81191,811910
1615536000000,1.0896,1.1564,1.0731,1.1454,205569,2055690
1615550400000,1.1461,1.1538,1.0514,1.0901,235355,2353550
1615564800000,1.0908,1.0917,1.0539,1.0546,100522,1005220
1615579200000,1.0547,1.0663,1.0292,1.0505,99096,990960
1615593600000,1.0498,1.0501,1.0132,1.0386,120577,1205770
1615608000000,1.0378,1.0626,1.0245,1.0617,50836,508360
1615622400000,1.0637,1.1067,1.0543,1.1037,121306,1213060
1615636800000,1.1047,1.1346,1.0968,1.1238,125514,1255140
1615651200000,1.1246,1.1741,1.1156,1.1221,130017,1300170
1615665600000,1.1224,1.1747,1.1185,1.1407,80217,802170
1615680000000,1.1418,1.1537,1.1095,1.1201,59677,596770
1615694400000,1.1213,1.1213,1.0886,1.0926,114534,1145340
1615708800000,1.0929,1.1447,1.0926,1.1374,155121,1551210
1615723200000,1.1366,1.1674,1.121,1.1443,196740,1967400
1615737600000,1.1448,1.167,1.1289,1.1601,152654,1526540
1615752000000,1.1601,1.1726,1.1103,1.1172,120415,1204150
1615766400000,1.1171,1.2362,1.1088,1.2361,211713,2117130
1615780800000,1.2348,1.2785,1.1315,1.189,414266,4142660
1615795200000,1.186,1.3435,1.1501,1.3156,441506,4415060
1615809600000,1.314,1.351,1.2521,1.2829,351590,3515900
1615824000000,1.2833,1.2985,1.2289,1.2687,206737,2067370
1615838400000,1.2705,1.2886,1.1869,1.1944,134625,1346250
1615852800000,1.1947,1.2255,1.1188,1.1677,372658,3726580
1615867200000,1.1677,1.1998,1.1352,1.1934,284166,2841660
1615881600000,1.1946,1.2037,1.1525,1.1758,192890,1928900
1615896000000,1.1751,1.25,1.1694,1.2242,324668,3246680
1615910400000,1.2251,1.2442,1.1729,1.1929,228454,2284540
1615924800000,1.1931,1.2253,1.1862,1.2023,119637,1196370
1615939200000,1.2032,1.2128,1.159,1.16,124481,1244810
1615953600000,1.1584,1.2015,1.1549,1.188,132027,1320270
1615968000000,1.1895,1.2251,1.1626,1.1764,201007,2010070
1615982400000,1.1774,1.2111,1.1633,1.2028,163766,1637660
1615996800000,1.2036,1.2407,1.1954,1.2265,86805,868050
1616011200000,1.2266,1.2983,1.2214,1.2896,132488,1324880
1616025600000,1.2896,1.3472,1.2669,1.3442,143274,1432740
1616040000000,1.344,1.3712,1.3016,1.3551,232324,2323240
1616054400000,1.357,1.3843,1.3081,1.3123,170723,1707230
1616068800000,1.3117,1.3244,1.2749,1.3112,117364,1173640
1616083200000,1.3125,1.3185,1.2402,1.2443,108311,1083110
1616097600000,1.2438,1.2706,1.2363,1.2571,61787,617870
1616112000000,1.2573,1.264,1.2109,1.264,103303,1033030
1616126400000,1.2637,1.2983,1.2599,1.2808,103721,1037210
1616140800000,1.2808,1.3009,1.2727,1.2914,113130,1131300
1616155200000,1.2928,1.3128,1.2721,1.289,126776,1267760
1616169600000,1.2888,1.2938,1.263,1.272,74067,740670
1616184000000,1.2731,1.2837,1.2447,1.2512,89550,895500
1616198400000,1.2491,1.2904,1.2451,1.2744,64509,645090
1616212800000,1.2749,1.2988,1.2637,1.2914,67365,673650
1616227200000,1.2921,1.3099,1.2827,1.3004,83013,830130
1616241600000,1.2998,1.317,1.2783,1.2921,97413,974130
1616256000000,1.2933,1.3073,1.2707,1.2788,103755,1037550
1616270400000,1.2786,1.2805,1.2004,1.2089,201252,2012520
1616284800000,1.2079,1.2352,1.1795,1.202,144405,1444050
1616299200000,1.2008,1.2104,1.1693,1.2094,84014,840140
1616313600000,1.207,1.2204,1.1616,1.1783,97259,972590
1616328000000,1.1784,1.2318,1.1508,1.2191,109373,1093730
1616342400000,1.2185,1.2345,1.2015,1.2096,95382,953820
1616356800000,1.2109,1.2135,1.1789,1.1799,51735,517350
1616371200000,1.1806,1.1951,1.1525,1.1908,68947,689470
1616385600000,1.1916,1.2266,1.1866,1.2199,73097,730970
1616400000000,1.2188,1.2296,1.1862,1.2203,81127,811270
1616414400000,1.2207,1.2213,1.1801,1.2016,62044,620440
1616428800000,1.2018,1.2062,1.162,1.162,86380,863800
1616443200000,1.1602,1.1699,1.0693,1.102,280978,2809780
1616457600000,1.1021,1.1387,1.0894,1.1181,80081,800810
1616472000000,1.1173,1.1257,1.0629,1.1049,120801,1208010
1616486400000,1.1054,1.1246,1.089,1.1006,97784,977840
1616500800000,1.1012,1.1516,1.1012,1.1367,93903,939030
1616515200000,1.1379,1.16,1.1255,1.132,76010,760100
1616529600000,1.1322,1.1343,1.1018,1.1107,69307,693070
1616544000000,1.1115,1.1249,1.0811,1.1117,93658,936580
1616558400000,1.1107,1.1387,1.0924,1.1367,90199,901990
1616572800000,1.1374,1.1692,1.1331,1.1544,63337,633370
1616587200000,1.1541,1.1843,1.1514,1.1648,119200,1192000
1616601600000,1.1659,1.1709,1.0994,1.1039,238922,2389220
1616616000000,1.102,1.114,0.9839,1.0271,442944,4429440
1616630400000,1.0272,1.0401,0.9749,1.0145,287052,2870520
1616644800000,1.015,1.0506,1.0007,1.0183,116693,1166930
1616659200000,1.0187,1.0697,1.013,1.0472,118636,1186360
1616673600000,1.0483,1.0563,0.9996,1.0263,356625,3566250
1616688000000,1.0258,1.0626,1.008,1.0473,259623,2596230
1616702400000,1.0488,1.0775,1.0333,1.0435,110643,1106430
1616716800000,1.0425,1.0733,1.0404,1.062,77213,772130
1616731200000,1.0624,1.0895,1.057,1.0869,108018,1080180
1616745600000,1.0872,1.0991,1.0745,1.0897,91795,917950
1616760000000,1.0905,1.1071,1.0809,1.0874,93283,932830
1616774400000,1.0878,1.1244,1.077,1.1001,140874,1408740
1616788800000,1.1008,1.1243,1.098,1.1167,75303,753030
1616803200000,1.1179,1.1332,1.0912,1.101,98467,984670
1616817600000,1.1003,1.1221,1.0977,1.1053,48898,488980
1616832000000,1.1058,1.1719,1.093,1.1585,195778,1957780
1616846400000,1.1579,1.2056,1.1305,1.2043,239197,2391970
1616860800000,1.2052,1.2177,1.1662,1.1711,143965,1439650
1616875200000,1.1727,1.1969,1.1557,1.1605,100885,1008850
1616889600000,1.1609,1.2059,1.1475,1.1929,126559,1265590
1616904000000,1.1931,1.2308,1.1867,1.2052,76468,764680
1616918400000,1.2039,1.2295,1.193,1.1949,113605,1136050
1616932800000,1.1946,1.2207,1.1733,1.2136,130734,1307340
1616947200000,1.2143,1.2698,1.1934,1.2251,197582,1975820
1616961600000,1.223,1.246,1.2048,1.2356,96521,965210
1616976000000,1.2366,1.2532,1.217,1.2366,120397,1203970
1616990400000,1.2369,1.2602,1.2198,1.2557,88852,888520
1617004800000,1.2579,1.29,1.2487,1.2643,113108,1131080
1617019200000,1.2627,1.2742,1.2224,1.2482,85486,854860
1617033600000,1.2488,1.3485,1.2479,1.3278,166737,1667370
1617048000000,1.3286,1.45,1.3272,1.4041,284243,2842430
1617062400000,1.4049,1.43,1.3451,1.4007,286154,2861540
1617076800000,1.3995,1.4046,1.3647,1.385,167507,1675070
1617091200000,1.3848,1.3912,1.352,1.3722,117542,1175420
1617105600000,1.3725,1.3725,1.3217,1.3253,152923,1529230
1617120000000,1.3256,1.343,1.3032,1.3272,102160,1021600
1617134400000,1.3286,1.3516,1.3053,1.3264,57850,578500
1617148800000,1.3268,1.3473,1.2736,1.2949,71139,711390
1617163200000,1.2945,1.3443,1.2773,1.2909,138868,1388680
1617177600000,1.2933,1.2954,1.2428,1.2779,176193,1761930
1617192000000,1.2774,1.3178,1.26,1.2962,68270,682700
1617206400000,1.2976,1.3442,1.2706,1.3175,107777,1077770
1617220800000,1.3198,1.3724,1.3179,1.3676,135108,1351080
1617235200000,1.3669,1.398,1.3546,1.3602,109434,1094340
1617249600000,1.3627,1.392,1.3407,1.3763,94751,947510
1617264000000,1.3766,1.4023,1.3286,1.3435,115893,1158930
1617278400000,1.341,1.3489,1.3241,1.3358,81965,819650
1617292800000,1.3378,1.3556,1.291,1.329,87504,875040
1617307200000,1.3282,1.3423,1.3118,1.3215,50208,502080
1617321600000,1.3225,1.3416,1.3036,1.3278,73408,734080
1617336000000,1.3306,1.3412,1.3125,1.326,84205,842050
1617350400000,1.3238,1.3627,1.3202,1.3594,92260,922600
1617364800000,1.36,1.3711,1.3168,1.344,114803,1148030
1617379200000,1.3472,1.3559,1.3206,1.3439,108876,1088760
1617393600000,1.3435,1.361,1.324,1.3601,66507,665070
1617408000000,1.3607,1.3922,1.3527,1.3704,86322,863220
1617422400000,1.3714,1.427,1.3567,1.4064,109463,1094630
1617436800000,1.4073,1.4434,1.3669,1.4161,172359,1723590
1617451200000,1.4159,1.4711,1.4013,1.4034,119291,1192910
1617465600000,1.4035,1.4239,1.2848,1.3455,162185,1621850
1617480000000,1.3464,1.3464,1.2581,1.2609,112460,1124600
1617494400000,1.2609,1.3133,1.233,1.3103,113502,1135020
1617508800000,1.3101,1.3154,1.2808,1.3104,68264,682640
1617523200000,1.3114,1.336,1.2982,1.3063,64317,643170
1617537600000,1.308,1.3489,1.2902,1.3217,91417,914170
1617552000000,1.3214,1.3505,1.317,1.3236,66544,665440
1617566400000,1.3242,1.3308,1.2967,1.3092,90880,908800
1617580800000,1.3114,1.3285,1.2813,1.3134,80828,808280
1617595200000,1.3115,1.3213,1.2732,1.3021,81072,810720
1617609600000,1.3014,1.3716,1.2884,1.3561,76307,763070
1617624000000,1.3565,1.3912,1.3464,1.3879,85137,851370
1617638400000,1.3879,1.4119,1.35,1.4052,99103,991030
1617652800000,1.4026,1.4328,1.3714,1.4036,112700,1127000
1617667200000,1.4041,1.421,1.3718,1.389,88948,889480
1617681600000,1.3891,1.431,1.3871,1.4032,97625,976250
1617696000000,1.4036,1.4521,1.3962,1.4421,169115,1691150
1617710400000,1.4411,1.4923,1.3477,1.3877,211648,2116480
1617724800000,1.3873,1.4347,1.3788,1.3892,69614,696140
1617739200000,1.3896,1.4056,1.364,1.3994,43283,432830
1617753600000,1.4019,1.457,1.3652,1.4511,105901,1059010
1617768000000,1.448,1.4826,1.4039,1.42,228780,2287800
1617782400000,1.4194,1.4223,1.2496,1.3086,294331,2943310
1617796800000,1.305,1.3526,1.2705,1.3048,136511,1365110
1617811200000,1.3048,1.3449,1.2733,1.3127,186352,1863520
1617825600000,1.3107,1.3382,1.2876,1.3028,71135,711350
1617840000000,1.3031,1.3595,1.2946,1.3333,81396,813960
1617854400000,1.3334,1.3758,1.3325,1.3592,49731,497310
1617868800000,1.3594,1.3711,1.311,1.3185,76554,765540
1617883200000,1.3174,1.3703,1.3131,1.3643,77022,770220
1617897600000,1.3658,1.3801,1.3376,1.3452,58739,587390
1617912000000,1.3456,1.3562,1.3247,1.3522,59979,599790
1617926400000,1.3522,1.3622,1.3236,1.3289,117043,1170430
1617940800000,1.3292,1.3498,1.3212,1.3412,68501,685010
1617955200000,1.3413,1.379,1.3279,1.371,83918,839180
1617969600000,1.3705,1.4172,1.36,1.3816,109015,1090150
1617984000000,1.3823,1.429,1.3589,1.4111,98370,983700
1617998400000,1.4116,1.4116,1.3662,1.3932,50269,502690
1618012800000,1.3938,1.4531,1.3786,1.438,193593,1935930
1618027200000,1.4383,1.4579,1.4069,1.4419,126736,1267360
1618041600000,1.4438,1.478,1.4288,1.4329,107977,1079770
1618056000000,1.4333,1.4503,1.3985,1.4047,91929,919290
1618070400000,1.4049,1.4179,1.364,1.391,86809,868090
1618084800000,1.3885,1.3998,1.3559,1.3916,40930,409300
1618099200000,1.3915,1.417,1.3859,1.4001,99472,994720
1618113600000,1.4001,1.407,1.3636,1.3999,91871,918710
1618128000000,1.4,1.4323,1.3965,1.427,102134,1021340
1618142400000,1.4277,1.453,1.4117,1.4417,110635,1106350
1618156800000,1.442,1.4667,1.4186,1.4648,96225,962250
1618171200000,1.4666,1.5494,1.4661,1.5226,181483,1814830
1618185600000,1.5248,1.6008,1.5221,1.5556,244429,2444290
1618200000000,1.5563,1.5563,1.4913,1.4965,148949,1489490
1618214400000,1.4969,1.525,1.4525,1.5192,187116,1871160
1618228800000,1.5186,1.5293,1.4404,1.4568,135789,1357890
1618243200000,1.4566,1.4851,1.4327,1.4646,116398,1163980
1618257600000,1.4651,1.5142,1.4517,1.4835,91117,911170
1618272000000,1.484,1.5305,1.4814,1.5038,107193,1071930
1618286400000,1.5034,1.524,1.4559,1.4676,127428,1274280
1618300800000,1.4678,1.4715,1.421,1.4699,160979,1609790
1618315200000,1.47,1.5028,1.4461,1.4823,115687,1156870
1618329600000,1.483,1.5572,1.483,1.5203,208772,2087720
1618344000000,1.5201,1.5339,1.4918,1.5158,63496,634960
1618358400000,1.516,1.533,1.4995,1.505,176809,1768090
1618372800000,1.5048,1.5093,1.4725,1.4944,145270,1452700
1618387200000,1.4948,1.5196,1.4454,1.4948,153223,1532230
1618401600000,1.4947,1.4965,1.3762,1.4322,154631,1546310
1618416000000,1.4293,1.4567,1.3815,1.4286,186938,1869380
1618430400000,1.4291,1.4726,1.4202,1.4641,77735,777350
1618444800000,1.4636,1.4927,1.4533,1.4711,99476,994760
1618459200000,1.4737,1.5078,1.4494,1.5021,87345,873450
1618473600000,1.5018,1.5118,1.4624,1.4812,81559,815590
1618488000000,1.4818,1.5606,1.4809,1.5361,141947,1419470
1618502400000,1.5367,1.5861,1.5107,1.5839,111257,1112570
1618516800000,1.584,1.6269,1.5605,1.5704,155627,1556270
1618531200000,1.5719,1.5998,1.5203,1.5671,104038,1040380
1618545600000,1.5686,1.577,1.5026,1.509,129375,1293750
1618560000000,1.5092,1.5259,1.4047,1.4609,173435,1734350
1618574400000,1.4599,1.4952,1.4143,1.4881,122311,1223110
1618588800000,1.489,1.5318,1.4662,1.5135,119443,1194430
1618603200000,1.5144,1.5361,1.4963,1.5058,51307,513070
1618617600000,1.5066,1.5978,1.5066,1.5935,128107,1281070
1618632000000,1.5938,1.6225,1.5679,1.5907,124308,1243080
1618646400000,1.5917,1.5993,1.5214,1.5407,112296,1122960
1618660800000,1.5381,1.779,1.5248,1.716,483249,4832490
1618675200000,1.7158,1.7893,1.6744,1.749,246702,2467020
1618689600000,1.7504,1.8013,1.6738,1.7044,113935,1139350
1618704000000,1.7094,1.72,1.194,1.3964,592272,5922720
1618718400000,1.3953,1.4905,1.3376,1.4636,343421,3434210
1618732800000,1.4645,1.476,1.2764,1.2836,383953,3839530
1618747200000,1.2835,1.4577,1.245,1.45,182085,1820850
1618761600000,1.4493,1.4938,1.4354,1.4798,123082,1230820
1618776000000,1.4823,1.4836,1.4434,1.4583,82638,826380
1618790400000,1.4584,1.5113,1.4237,1.4948,109024,1090240
1618804800000,1.4951,1.5087,1.465,1.5034,51471,514710
1618819200000,1.5043,1.512,1.3962,1.4667,121353,1213530
1618833600000,1.4641,1.488,1.3113,1.3255,204451,2044510
1618848000000,1.3232,1.3783,1.2942,1.3308,201921,2019210
1618862400000,1.331,1.3648,1.2849,1.2935,124600,1246000
1618876800000,1.2946,1.3031,1.1588,1.2317,251694,2516940
1618891200000,1.2313,1.2783,1.173,1.2297,182847,1828470
1618905600000,1.229,1.3371,1.2248,1.3365,155027,1550270
1618920000000,1.3373,1.3498,1.2737,1.3149,179474,1794740
1618934400000,1.3158,1.345,1.289,1.3359,84333,843330
1618948800000,1.3375,1.3398,1.2754,1.2925,95822,958220
1618963200000,1.2918,1.3084,1.2524,1.255,94758,947580
1618977600000,1.2555,1.2931,1.2463,1.255,95952,959520
1618992000000,1.2553,1.2753,1.1943,1.2029,164483,1644830
1619006400000,1.2012,1.2865,1.1906,1.2843,118609,1186090
1619020800000,1.2848,1.3439,1.2848,1.3165,185591,1855910
1619035200000,1.3164,1.3164,1.201,1.2104,116775,1167750
1619049600000,1.2111,1.2615,1.1906,1.2177,135878,1358780
1619064000000,1.2179,1.3055,1.2167,1.2706,124137,1241370
1619078400000,1.2719,1.299,1.2218,1.2895,81493,814930
1619092800000,1.292,1.3258,1.267,1.3109,96853,968530
1619107200000,1.3135,1.3171,1.2164,1.2368,132463,1324630
1619121600000,1.2331,1.2345,1.1339,1.1616,255956,2559560
1619136000000,1.1606,1.1954,0.9131,1.0773,728764,7287640
1619150400000,1.0765,1.0933,1.0118,1.0256,480456,4804560
1619164800000,1.0225,1.1332,1.001,1.1172,218527,2185270
1619179200000,1.1179,1.127,1.0505,1.1195,253959,2539590
1619193600000,1.1202,1.1754,1.1055,1.1644,119755,1197550
1619208000000,1.1667,1.1892,1.1325,1.1675,115497,1154970
1619222400000,1.1682,1.1704,1.1005,1.1433,89618,896180
1619236800000,1.1431,1.1719,1.1259,1.1405,72633,726330
1619251200000,1.1393,1.1655,1.0773,1.089,136236,1362360
1619265600000,1.086,1.1257,1.0799,1.1217,91338,913380
1619280000000,1.1221,1.1289,1.0921,1.115,57369,573690
1619294400000,1.1164,1.1296,1.0813,1.0884,111314,1113140
1619308800000,1.0885,1.111,1.0749,1.0768,65461,654610
1619323200000,1.0766,1.1174,1.0766,1.1118,88064,880640
1619337600000,1.1116,1.1731,1.1023,1.1544,154628,1546280
1619352000000,1.1549,1.1927,1.1548,1.1835,64567,645670
1619366400000,1.1854,1.1877,1.1221,1.1241,71112,711120
1619380800000,1.1225,1.1377,1.0493,1.0944,106350,1063500
1619395200000,1.0939,1.1689,1.0825,1.1689,133044,1330440
1619409600000,1.1698,1.2037,1.1605,1.1921,59137,591370
1619424000000,1.195,1.2507,1.1677,1.2324,101985,1019850
1619438400000,1.2325,1.2454,1.1979,1.224,82640,826400
1619452800000,1.2254,1.2448,1.1829,1.2327,48741,487410
1619467200000,1.2325,1.2394,1.1837,1.2361,51101,511010
1619481600000,1.2351,1.2772,1.2206,1.2584,74759,747590
1619496000000,1.2579,1.2881,1.2483,1.2649,48856,488560
1619510400000,1.2656,1.2845,1.2524,1.281,57788,577880
1619524800000,1.2807,1.2834,1.2312,1.2617,70795,707950
1619539200000,1.2616,1.278,1.2434,1.2695,145002,1450020
1619553600000,1.2703,1.3318,1.2655,1.3086,87199,871990
1619568000000,1.3075,1.3361,1.2765,1.286,115948,1159480
1619582400000,1.2852,1.3041,1.2102,1.2518,141115,1411150
1619596800000,1.2489,1.2713,1.2173,1.2625,95482,954820
1619611200000,1.2633,1.2824,1.2411,1.2547,88964,889640
1619625600000,1.2536,1.297,1.2456,1.2934,88269,882690
1619640000000,1.2939,1.2978,1.2533,1.2893,80459,804590
1619654400000,1.2906,1.2951,1.2519,1.2628,163811,1638110
1619668800000,1.2614,1.3061,1.2426,1.3048,100952,1009520
1619683200000,1.3053,1.383,1.2864,1.3669,181868,1818680
1619697600000,1.3689,1.3835,1.3166,1.3462,148481,1484810
1619712000000,1.347,1.3504,1.2615,1.2677,114940,1149400
1619726400000,1.2687,1.3243,1.2419,1.3204,63238,632380
1619740800000,1.3221,1.3666,1.2953,1.3465,116914,1169140
1619755200000,1.3466,1.3994,1.3466,1.3876,90878,908780
1619769600000,1.388,1.4319,1.367,1.4058,84403,844030
1619784000000,1.4059,1.4458,1.3976,1.4087,93303,933030
1619798400000,1.4085,1.4367,1.3853,1.3853,58670,586700
1619812800000,1.3864,1.4042,1.3707,1.4024,44441,444410
1619827200000,1.4027,1.4184,1.372,1.4146,59270,592700
1619841600000,1.4139,1.4208,1.3738,1.3762,94528,945280
1619856000000,1.3763,1.3936,1.3478,1.392,60428,604280
1619870400000,1.3924,1.4055,1.367,1.3932,91118,911180
1619884800000,1.3955,1.4094,1.3797,1.4003,64072,640720
1619899200000,1.3981,1.4067,1.3772,1.3951,38448,384480
1619913600000,1.3953,1.4016,1.3396,1.345,81280,812800
1619928000000,1.3437,1.3603,1.3233,1.3446,65694,656940
1619942400000,1.3442,1.3708,1.3293,1.3705,45667,456670
1619956800000,1.3699,1.4041,1.3604,1.3984,70852,708520
1619971200000,1.4,1.4095,1.3809,1.4083,49307,493070
1619985600000,1.4075,1.4134,1.3657,1.3891,54961,549610
1620000000000,1.3891,1.4292,1.3891,1.4226,65143,651430
1620014400000,1.422,1.4452,1.4127,1.4401,66945,669450
1620028800000,1.44,1.4673,1.4165,1.4571,57277,572770
1620043200000,1.457,1.4734,1.4231,1.4409,84989,849890
1620057600000,1.4409,1.4751,1.4396,1.4654,56449,564490
1620072000000,1.4658,1.4658,1.4204,1.4373,54680,546800
1620086400000,1.4387,1.4429,1.3378,1.3501,129113,1291130
1620100800000,1.3492,1.4109,1.3412,1.391,57986,579860
1620115200000,1.3905,1.4464,1.3724,1.4308,84525,845250
1620129600000,1.4307,1.432,1.3181,1.3316,127234,1272340
1620144000000,1.332,1.3589,1.2815,1.3504,130372,1303720
1620158400000,1.3508,1.3628,1.2723,1.2732,79397,793970
1620172800000,1.2727,1.3506,1.2553,1.3467,94311,943110
1620187200000,1.3464,1.3634,1.3166,1.3621,66514,665140
1620201600000,1.3638,1.3896,1.3489,1.3784,89238,892380
1620216000000,1.379,1.4234,1.379,1.4083,81938,819380
1620230400000,1.4089,1.4511,1.4059,1.439,89198,891980
1620244800000,1.4376,1.4544,1.399,1.4432,85276,852760
1620259200000,1.4423,1.4848,1.415,1.4732,122794,1227940
1620273600000,1.4729,1.5004,1.4245,1.471,111690,1116900
1620288000000,1.4715,1.5536,1.4673,1.5452,114393,1143930
1620302400000,1.5474,1.581,1.4987,1.5164,128202,1282020
1620316800000,1.5187,1.5723,1.4496,1.5029,240658,2406580
1620331200000,1.5046,1.5601,1.474,1.5425,140860,1408600
1620345600000,1.5436,1.5962,1.4904,1.5171,245650,2456500
1620360000000,1.514,1.5579,1.4722,1.5349,103531,1035310
1620374400000,1.5351,1.6971,1.5289,1.6481,188726,1887260
1620388800000,1.6487,1.692,1.6048,1.6898,149413,1494130
1620403200000,1.691,1.6959,1.5536,1.5721,159136,1591360
1620417600000,1.5711,1.5981,1.5195,1.5771,99660,996600
1620432000000,1.5781,1.6123,1.5482,1.6045,80442,804420
1620446400000,1.6033,1.6269,1.5627,1.5782,126427,1264270
1620460800000,1.5791,1.5856,1.543,1.5514,88813,888130
1620475200000,1.5519,1.5595,1.5001,1.5079,116357,1163570
1620489600000,1.5074,1.591,1.493,1.5747,137956,1379560
1620504000000,1.574,1.5742,1.5125,1.52,84807,848070
1620518400000,1.5183,1.5281,1.4534,1.4612,95954,959540
1620532800000,1.4591,1.5052,1.4296,1.4774,85001,850010
1620547200000,1.4771,1.5121,1.4668,1.4853,53755,537550
1620561600000,1.4851,1.5234,1.4513,1.5173,72341,723410
1620576000000,1.5189,1.5316,1.4695,1.4799,83618,836180
1620590400000,1.4791,1.5173,1.4752,1.5148,45995,459950
1620604800000,1.5158,1.5514,1.4979,1.5451,100540,1005400
1620619200000,1.5454,1.558,1.5263,1.5279,62107,621070
1620633600000,1.5282,1.5315,1.4528,1.4772,89808,898080
1620648000000,1.4771,1.4896,1.4343,1.473,90318,903180
1620662400000,1.4736,1.493,1.3636,1.3848,132448,1324480
1620676800000,1.379,1.4078,1.3068,1.3689,209427,2094270
1620691200000,1.3676,1.3927,1.3249,1.3524,121674,1216740
1620705600000,1.3531,1.4162,1.344,1.4068,91982,919820
1620720000000,1.4056,1.4236,1.3788,1.3886,70573,705730
1620734400000,1.3884,1.4456,1.361,1.4429,103530,1035300
1620748800000,1.4441,1.4702,1.4346,1.4601,98918,989180
1620763200000,1.4596,1.479,1.4336,1.4748,54227,542270
1620777600000,1.476,1.5011,1.4588,1.4969,79495,794950
1620792000000,1.4963,1.497,1.4493,1.4524,55989,559890
1620806400000,1.4527,1.4586,1.397,1.426,76665,766650
1620820800000,1.4263,1.4457,1.3817,1.3912,102810,1028100
1620835200000,1.3915,1.4111,1.3491,1.3957,152090,1520900
1620849600000,1.3954,1.4156,1.2418,1.2744,207525,2075250
1620864000000,1.2727,1.3686,1.2,1.3392,336325,3363250
1620878400000,1.3396,1.3891,1.3371,1.3649,80021,800210
1620892800000,1.3656,1.39,1.283,1.3298,165692,1656920
1620907200000,1.3303,1.405,1.3183,1.3799,102081,1020810
1620921600000,1.3811,1.4515,1.2961,1.2961,314439,3144390
1620936000000,1.2968,1.3594,1.2889,1.3526,126784,1267840
1620950400000,1.3526,1.3753,1.3393,1.3638,137280,1372800
1620964800000,1.3647,1.3725,1.3225,1.3618,116709,1167090
1620979200000,1.3627,1.4074,1.3576,1.3963,104473,1044730
1620993600000,1.399,1.4726,1.3801,1.4636,144234,1442340
1621008000000,1.4662,1.4818,1.4444,1.446,141557,1415570
1621022400000,1.4464,1.49,1.4132,1.4774,133207,1332070
1621036800000,1.4779,1.496,1.428,1.4556,177370,1773700
1621051200000,1.4562,1.4697,1.3824,1.388,106231,1062310
1621065600000,1.3915,1.4228,1.372,1.411,139877,1398770
1621080000000,1.411,1.5337,1.4064,1.4984,225485,2254850
1621094400000,1.4995,1.4995,1.3787,1.4155,191286,1912860
1621108800000,1.4148,1.4649,1.3782,1.3883,107369,1073690
1621123200000,1.3899,1.4958,1.3782,1.4847,127528,1275280
1621137600000,1.4861,1.5411,1.4668,1.5183,124351,1243510
1621152000000,1.52,1.5369,1.4779,1.478,119308,1193080
1621166400000,1.4785,1.5029,1.4343,1.437,119525,1195250
1621180800000,1.4359,1.4502,1.3464,1.3801,182130,1821300
1621195200000,1.3797,1.4061,1.3348,1.3966,126069,1260690
1621209600000,1.3983,1.4118,1.2847,1.2867,178816,1788160
1621224000000,1.2905,1.3808,1.2563,1.3749,144883,1448830
1621238400000,1.3751,1.3922,1.3521,1.3901,98415,984150
1621252800000,1.3894,1.3928,1.2948,1.3004,97282,972820
1621267200000,1.2992,1.3355,1.2583,1.3275,181103,1811030
1621281600000,1.3286,1.3499,1.2618,1.2851,134191,1341910
1621296000000,1.2867,1.3285,1.2615,1.3107,116853,1168530
1621310400000,1.3111,1.3705,1.3111,1.3623,98805,988050
1621324800000,1.3636,1.3898,1.3463,1.3816,101155,1011550
1621339200000,1.383,1.3937,1.2911,1.3323,134281,1342810
1621353600000,1.3329,1.3756,1.3149,1.3594,72210,722100
1621368000000,1.3593,1.3859,1.3405,1.3654,123577,1235770
1621382400000,1.3664,1.3881,1.265,1.2741,109353,1093530
1621396800000,1.275,1.2872,1.1478,1.2063,259177,2591770
1621411200000,1.2044,1.2138,1.0202,1.0831,355293,3552930
1621425600000,1.0823,1.0938,0.7505,0.9831,1069356,10693560
1621440000000,0.9833,1.0873,0.9431,1.0022,369420,3694200
1621454400000,1.0029,1.0288,0.9298,0.9344,196608,1966080
1621468800000,0.9346,0.9697,0.8382,0.9632,474886,4748860
1621483200000,0.9628,1.0465,0.9587,1.0224,133009,1330090
1621497600000,1.0216,1.045,0.9736,1.041,128726,1287260
1621512000000,1.0414,1.1199,1.026,1.1049,182165,1821650
1621526400000,1.1048,1.1142,1.0039,1.0902,339272,3392720
1621540800000,1.0908,1.1174,1.0603,1.1103,134077,1340770
1621555200000,1.1084,1.1469,1.0894,1.0969,115989,1159890
1621569600000,1.0953,1.1078,1.0626,1.09,162824,1628240
1621584000000,1.089,1.1121,1.0558,1.0761,80866,808660
1621598400000,1.0759,1.1073,0.9424,0.9552,674753,6747530
1621612800000,0.9553,0.9978,0.9076,0.9246,244538,2445380
1621627200000,0.9255,0.9799,0.8462,0.9741,214131,2141310
1621641600000,0.9722,0.9814,0.9091,0.9226,97756,977560
1621656000000,0.9231,0.9316,0.8548,0.9052,252783,2527830
1621670400000,0.9056,0.9653,0.9056,0.9579,111526,1115260
1621684800000,0.9576,0.9999,0.9426,0.9987,137640,1376400
1621699200000,0.9994,1.0122,0.9525,0.9528,113670,1136700
1621713600000,0.9547,1.0082,0.9542,0.9733,96867,968670
1621728000000,0.9729,1.0399,0.9575,1.0064,148632,1486320
1621742400000,1.0063,1.0096,0.9339,0.9469,135699,1356990
1621756800000,0.9473,0.9473,0.835,0.8553,362515,3625150
1621771200000,0.8544,0.8599,0.7504,0.7744,431601,4316010
1621785600000,0.7734,0.7828,0.6784,0.7678,459310,4593100
1621800000000,0.7673,0.8454,0.7673,0.8177,243826,2438260
1621814400000,0.8186,0.8685,0.8011,0.8526,150096,1500960
1621828800000,0.8536,0.9356,0.8258,0.9338,139476,1394760
1621843200000,0.9348,0.9662,0.8981,0.9563,139956,1399560
1621857600000,0.9578,0.9876,0.9311,0.9631,123077,1230770
1621872000000,0.9641,1.0036,0.9253,0.9958,151038,1510380
1621886400000,0.9993,1.0053,0.9442,0.9816,105712,1057120
1621900800000,0.982,1.0175,0.9139,0.9412,129974,1299740
1621915200000,0.9401,0.9775,0.9115,0.9768,103198,1031980
1621929600000,0.9767,0.9805,0.8671,0.8688,108811,1088110
1621944000000,0.8704,0.9801,0.8678,0.9766,152866,1528660
1621958400000,0.9783,0.9893,0.9388,0.9471,124779,1247790
1621972800000,0.9464,0.9859,0.9341,0.9769,95193,951930
1621987200000,0.9765,1.007,0.9537,1.0065,99144,991440
1622001600000,1.0074,1.0507,0.9872,1.0433,137655,1376550
1622016000000,1.042,1.0479,0.9997,1.0407,140656,1406560
1622030400000,1.0406,1.06,0.9806,0.9966,207086,2070860
1622044800000,0.9959,1.0161,0.9723,1.0121,130079,1300790
1622059200000,1.0111,1.031,1.0015,1.025,80908,809080
1622073600000,1.025,1.0253,0.9354,0.956,190876,1908760
1622088000000,0.9547,0.9916,0.9377,0.9816,139966,1399660
1622102400000,0.9819,1.0135,0.9654,1.0119,173843,1738430
1622116800000,1.0111,1.0342,0.9933,1.0102,149855,1498550
1622131200000,1.0114,1.0164,0.9753,0.9951,117608,1176080
1622145600000,0.9956,0.9965,0.9609,0.9759,113804,1138040
1622160000000,0.9764,0.9873,0.9429,0.9689,174886,1748860
1622174400000,0.9683,0.9683,0.8857,0.9106,233883,2338830
1622188800000,0.9103,0.9156,0.8457,0.8586,229547,2295470
1622203200000,0.8586,0.9278,0.8526,0.9167,169780,1697800
1622217600000,0.9177,0.9185,0.8836,0.9065,190760,1907600
1622232000000,0.9066,0.9228,0.8518,0.9003,114697,1146970
1622246400000,0.9004,0.9309,0.8969,0.9123,95559,955590
1622260800000,0.9129,0.9171,0.8816,0.8892,97842,978420
1622275200000,0.8886,0.8942,0.8474,0.8767,155498,1554980
1622289600000,0.8768,0.8768,0.8084,0.8287,203292,2032920
1622304000000,0.8288,0.8471,0.7915,0.8071,151975,1519750
1622318400000,0.8076,0.8416,0.7907,0.8322,114043,1140430
1622332800000,0.8322,0.8323,0.7793,0.8271,157144,1571440
1622347200000,0.8283,0.8713,0.822,0.8713,118662,1186620
1622361600000,0.8709,0.8908,0.8577,0.8906,100281,1002810
1622376000000,0.8901,0.8939,0.843,0.857,94106,941060
1622390400000,0.8569,0.8862,0.8518,0.87,80624,806240
1622404800000,0.8701,0.8747,0.8409,0.8488,86433,864330
1622419200000,0.8481,0.862,0.8137,0.8281,134073,1340730
1622433600000,0.8278,0.8753,0.8136,0.8729,106941,1069410
1622448000000,0.873,0.9031,0.8629,0.8911,115062,1150620
1622462400000,0.8938,0.9151,0.8774,0.9067,117784,1177840
1622476800000,0.9062,0.9192,0.8931,0.9129,103912,1039120
1622491200000,0.9133,0.9384,0.9022,0.9351,70181,701810
1622505600000,0.9348,0.9515,0.902,0.9102,140018,1400180
1622520000000,0.9108,0.9328,0.9062,0.9247,107892,1078920
1622534400000,0.9248,0.9314,0.89,0.9159,96524,965240
1622548800000,0.9141,0.9258,0.876,0.8968,145802,1458020
1622563200000,0.8973,0.9064,0.8755,0.8816,85132,851320
1622577600000,0.882,0.904,0.8814,0.8949,78865,788650
1622592000000,0.8957,0.9076,0.872,0.9021,62706,627060
1622606400000,0.9024,0.9254,0.9007,0.9192,46971,469710
1622620800000,0.9192,0.9238,0.9012,0.9128,48806,488060
1622635200000,0.9123,0.9743,0.9114,0.9627,146569,1465690
1622649600000,0.9638,1.0689,0.9417,1.0429,240841,2408410
1622664000000,1.0428,1.0572,1.0064,1.0194,123359,1233590
1622678400000,1.0186,1.0548,1.0051,1.0366,136416,1364160
1622692800000,1.0365,1.0734,1.0225,1.0602,103709,1037090
1622707200000,1.0597,1.094,1.046,1.0505,96905,969050
1622721600000,1.0523,1.0847,1.0345,1.0847,132705,1327050
1622736000000,1.084,1.1522,1.0756,1.1282,135007,1350070
1622750400000,1.1276,1.138,1.1074,1.1108,75340,753400
1622764800000,1.1131,1.1339,1.0351,1.0721,143065,1430650
1622779200000,1.071,1.0722,0.9883,1.0227,112795,1127950
1622793600000,1.0213,1.0295,0.9931,1.0029,63027,630270
1622808000000,1.0009,1.0599,0.9718,1.0455,161406,1614060
1622822400000,1.0452,1.0546,1.0258,1.0303,65854,658540
1622836800000,1.0281,1.0452,1.0041,1.0284,59605,596050
1622851200000,1.0285,1.0635,1.0154,1.0596,88968,889680
1622865600000,1.0611,1.0928,1.0447,1.0778,70406,704060
1622880000000,1.0775,1.0856,1.0048,1.0131,160318,1603180
1622894400000,1.0129,1.0237,0.9912,1.0149,107024,1070240
1622908800000,1.0161,1.0161,0.9841,0.986,84530,845300
1622923200000,0.9851,1.006,0.9505,0.9765,91353,913530
1622937600000,0.9756,0.9904,0.9646,0.984,49738,497380
1622952000000,0.9845,1.0004,0.9749,0.9977,52269,522690
1622966400000,0.9987,1.0204,0.9926,0.9927,69551,695510
1622980800000,0.9933,1.0127,0.9781,1.007,57847,578470
1622995200000,1.0068,1.0156,0.9974,0.999,31127,311270
1623009600000,0.9978,1.0252,0.995,1.0247,50562,505620
1623024000000,1.0254,1.0532,1.019,1.0398,85473,854730
1623038400000,1.0407,1.0606,1.0353,1.0606,50736,507360
1623052800000,1.0606,1.0865,1.0435,1.0698,93172,931720
1623067200000,1.0701,1.0898,1.0474,1.0555,67028,670280
1623081600000,1.055,1.058,1.0156,1.0275,83951,839510
1623096000000,1.0276,1.0327,0.9466,0.9628,158327,1583270
1623110400000,0.9625,0.9771,0.8945,0.9306,148585,1485850
1623124800000,0.9312,0.9433,0.897,0.934,83726,837260
1623139200000,0.935,0.9529,0.9129,0.9396,92119,921190
1623153600000,0.9392,0.942,0.8561,0.887,167503,1675030
1623168000000,0.8865,0.932,0.8818,0.9314,76454,764540
1623182400000,0.9319,0.9621,0.9251,0.9405,63188,631880
1623196800000,0.9397,0.945,0.9081,0.9333,102935,1029350
1623211200000,0.9342,1.0242,0.919,1.0105,165850,1658500
1623225600000,1.01,1.1441,0.9991,1.0848,557383,5573830
1623240000000,1.0861,1.0964,1.0269,1.0535,263926,2639260
1623254400000,1.053,1.0827,1.0247,1.0296,120018,1200180
1623268800000,1.0305,1.0477,1.0206,1.0408,60619,606190
1623283200000,1.0419,1.047,1.0105,1.0147,67563,675630
1623297600000,1.0154,1.0154,0.9909,1.0094,64206,642060
1623312000000,1.0088,1.0314,0.9742,1.0099,141805,1418050
1623326400000,1.0098,1.0173,0.9804,1.0058,104455,1044550
1623340800000,1.0068,1.0272,0.9847,1.007,150902,1509020
1623355200000,1.0069,1.0516,0.9808,1.0496,136180,1361800
1623369600000,1.0492,1.0593,0.9966,1.0518,144283,1442830
1623384000000,1.0512,1.0814,1.0217,1.0269,203395,2033950
1623398400000,1.0259,1.05,1.0127,1.0291,106246,1062460
1623412800000,1.0296,1.0745,1.0159,1.0331,181919,1819190
1623427200000,1.0332,1.0523,1.0214,1.0253,123232,1232320
1623441600000,1.0245,1.0285,0.957,0.9732,97932,979320
1623456000000,0.9733,0.9736,0.9165,0.9389,138886,1388860
1623470400000,0.9388,0.9526,0.9102,0.9474,118184,1181840
1623484800000,0.9467,0.9609,0.9219,0.9522,96931,969310
1623499200000,0.9529,0.9853,0.9509,0.9671,65535,655350
1623513600000,0.9674,1.0211,0.9643,0.9784,111064,1110640
1623528000000,0.9787,1.0027,0.9714,0.9897,82276,822760
1623542400000,0.9905,1.0124,0.9677,0.9677,84495,844950
1623556800000,0.9677,0.9895,0.9611,0.9844,73046,730460
1623571200000,0.9844,1.0231,0.9794,1.0188,77451,774510
1623585600000,1.0184,1.0311,0.9918,1.0068,110490,1104900
1623600000000,1.0072,1.0458,1.0003,1.0369,81102,811020
1623614400000,1.038,1.0669,1.0322,1.042,101156,1011560
1623628800000,1.0422,1.0654,1.0269,1.0643,79985,799850
1623643200000,1.0644,1.079,1.0417,1.0488,67132,671320
1623657600000,1.0483,1.0487,1.025,1.0432,50108,501080
1623672000000,1.0423,1.0866,1.034,1.0814,74232,742320
1623686400000,1.082,1.0865,1.038,1.0492,122269,1222690
1623700800000,1.0487,1.057,1.0339,1.0559,52659,526590
1623715200000,1.0558,1.0758,1.0439,1.0704,62183,621830
1623729600000,1.071,1.0896,1.0661,1.0856,60337,603370
1623744000000,1.0859,1.0937,1.0485,1.0557,68149,681490
1623758400000,1.0554,1.0692,1.0279,1.0369,94331,943310
1623772800000,1.0368,1.0695,1.0317,1.0331,76610,766100
1623787200000,1.0334,1.0482,1.0233,1.0329,46626,466260
1623801600000,1.033,1.036,1.0088,1.0327,91458,914580
1623816000000,1.0327,1.0572,1.0309,1.0441,46617,466170
1623830400000,1.0443,1.055,1.0149,1.0207,85029,850290
1623844800000,1.021,1.024,0.9992,1.0105,79898,798980
1623859200000,1.0104,1.0274,0.9983,1.02,107609,1076090
1623873600000,1.02,1.0245,0.9993,1.0173,44464,444640
1623888000000,1.0169,1.0572,1.0133,1.0552,54913,549130
1623902400000,1.0558,1.0799,1.0505,1.072,59934,599340
1623916800000,1.073,1.081,1.061,1.0621,44237,442370
1623931200000,1.0626,1.0849,1.0442,1.0801,81381,813810
1623945600000,1.08,1.0827,1.0373,1.0642,66593,665930
1623960000000,1.0634,1.0734,1.0467,1.0642,49117,491170
1623974400000,1.0642,1.0916,1.039,1.0588,101799,1017990
1623988800000,1.0587,1.0626,1.0329,1.0351,46228,462280
1624003200000,1.0351,1.0395,1.0091,1.0196,77627,776270
1624017600000,1.0198,1.0225,0.9776,0.9802,144507,1445070
1624032000000,0.9806,1.0,0.9609,0.9645,87945,879450
1624046400000,0.9649,0.9924,0.964,0.992,47904,479040
1624060800000,0.9919,0.9923,0.9559,0.9591,101947,1019470
1624075200000,0.9599,0.9842,0.9562,0.9775,58363,583630
1624089600000,0.977,0.9815,0.9596,0.9627,69302,693020
1624104000000,0.9632,0.9804,0.9519,0.9691,77373,773730
1624118400000,0.9694,0.9725,0.9439,0.9587,65051,650510
1624132800000,0.9584,0.9612,0.9335,0.934,73272,732720
1624147200000,0.9346,0.9411,0.9172,0.9335,74991,749910
1624161600000,0.9328,0.9459,0.9256,0.9337,40760,407600
1624176000000,0.9334,0.9348,0.8852,0.888,93669,936690
1624190400000,0.8877,0.9306,0.8776,0.923,50794,507940
1624204800000,0.9225,0.9495,0.9176,0.9441,46746,467460
1624219200000,0.9461,0.9526,0.9313,0.9347,61752,617520
1624233600000,0.935,0.9413,0.8891,0.8895,62385,623850
1624248000000,0.8894,0.8988,0.8468,0.873,126627,1266270
1624262400000,0.8736,0.8825,0.8079,0.8382,154560,1545600
1624276800000,0.8385,0.866,0.8168,0.8449,86493,864930
1624291200000,0.8446,0.8496,0.8111,0.8232,99987,999870
1624305600000,0.823,0.8349,0.7508,0.753,90094,900940
1624320000000,0.7534,0.8546,0.7298,0.8411,165488,1654880
1624334400000,0.8419,0.8485,0.8061,0.8124,114239,1142390
1624348800000,0.8133,0.8133,0.7248,0.7251,137956,1379560
1624363200000,0.7249,0.7745,0.6711,0.7712,444794,4447940
1624377600000,0.7714,0.8023,0.7653,0.7658,189242,1892420
1624392000000,0.7652,0.7878,0.7312,0.7432,120908,1209080
1624406400000,0.7426,0.8114,0.7127,0.8074,185824,1858240
1624420800000,0.807,0.8239,0.7976,0.8174,72599,725990
1624435200000,0.8181,0.8503,0.8148,0.8373,94416,944160
1624449600000,0.8375,0.8708,0.8221,0.8246,122503,1225030
1624464000000,0.8245,0.8437,0.7918,0.7942,111582,1115820
1624478400000,0.7933,0.8342,0.7837,0.8327,64331,643310
1624492800000,0.8331,0.8462,0.796,0.8103,123908,1239080
1624507200000,0.8086,0.8377,0.8048,0.8222,65816,658160
1624521600000,0.8219,0.8626,0.8219,0.8591,86953,869530
1624536000000,0.8604,0.8808,0.8572,0.865,54221,542210
1624550400000,0.8649,0.8941,0.8625,0.8869,61122,611220
1624564800000,0.8876,0.8916,0.8666,0.8747,33841,338410
1624579200000,0.8748,0.8988,0.8583,0.8884,70760,707600
1624593600000,0.8886,0.8899,0.8548,0.8633,71016,710160
1624608000000,0.8632,0.8736,0.822,0.8275,110186,1101860
1624622400000,0.8275,0.8436,0.8064,0.8153,93435,934350
1624636800000,0.8154,0.8227,0.7811,0.8107,159219,1592190
1624651200000,0.8111,0.8154,0.7782,0.7905,95693,956930
1624665600000,0.7904,0.8121,0.7759,0.8049,105953,1059530
1624680000000,0.8054,0.8261,0.7733,0.7738,89904,899040
1624694400000,0.7739,0.7979,0.7604,0.7962,85730,857300
1624708800000,0.7963,0.7993,0.7618,0.7887,63291,632910
1624723200000,0.7883,0.8044,0.7665,0.7857,83797,837970
1624737600000,0.7859,0.8095,0.7697,0.8089,43196,431960
1624752000000,0.8098,0.828,0.8013,0.8203,78047,780470
1624766400000,0.8208,0.8277,0.7979,0.8096,46815,468150
1624780800000,0.8096,0.8169,0.7855,0.7928,91397,913970
1624795200000,0.7931,0.8085,0.7853,0.7936,81619,816190
1624809600000,0.7941,0.7983,0.7733,0.793,87844,878440
1624824000000,0.7931,0.8432,0.7713,0.8361,103439,1034390
1624838400000,0.8373,0.8508,0.8227,0.8264,121885,1218850
1624852800000,0.8267,0.8561,0.8218,0.8561,67665,676650
1624867200000,0.8566,0.8612,0.831,0.8453,86734,867340
1624881600000,0.8457,0.8638,0.8317,0.8624,61105,611050
1624896000000,0.8635,0.8652,0.8352,0.8449,42160,421600
1624910400000,0.8448,0.8587,0.8327,0.8429,74114,741140
1624924800000,0.843,0.8648,0.8389,0.8553,67747,677470
1624939200000,0.8558,0.8996,0.855,0.8925,92537,925370
1624953600000,0.8922,0.9165,0.8885,0.9112,69551,695510
1624968000000,0.9104,0.9241,0.8947,0.9065,63615,636150
1624982400000,0.9063,0.9097,0.8867,0.8973,78307,783070
1624996800000,0.8975,0.9002,0.8741,0.8882,79982,799820
1625011200000,0.8881,0.9114,0.8628,0.8641,94431,944310
1625025600000,0.8638,0.8771,0.8485,0.8767,90796,907960
1625040000000,0.876,0.8771,0.8525,0.8665,81410,814100
1625054400000,0.8661,0.87,0.8336,0.8416,87288,872880
1625068800000,0.842,0.872,0.8358,0.8718,61643,616430
1625083200000,0.8722,0.8845,0.8652,0.8833,37676,376760
1625097600000,0.8835,0.8835,0.848,0.8486,72818,728180
1625112000000,0.8479,0.8653,0.8329,0.8352,68370,683700
1625126400000,0.8357,0.8476,0.8295,0.8458,86660,866600
1625140800000,0.8458,0.8502,0.8216,0.8358,65543,655430
1625155200000,0.8355,0.8441,0.8092,0.8167,76273,762730
1625169600000,0.8173,0.8422,0.8173,0.833,48157,481570
1625184000000,0.8317,0.8447,0.8066,0.812,95594,955940
1625198400000,0.8109,0.825,0.8023,0.8201,78359,783590
1625212800000,0.8196,0.8247,0.7988,0.808,48395,483950
1625227200000,0.8072,0.8337,0.8039,0.8337,45021,450210
1625241600000,0.8339,0.8404,0.8215,0.8306,28774,287740
1625256000000,0.8311,0.8459,0.8216,0.8459,24412,244120
1625270400000,0.8457,0.8485,0.8334,0.8435,24918,249180
1625284800000,0.8431,0.8615,0.8391,0.8586,31758,317580
1625299200000,0.8586,0.8665,0.8549,0.8611,47640,476400
1625313600000,0.8612,0.8716,0.8573,0.8653,51805,518050
1625328000000,0.8652,0.8751,0.8622,0.8736,33887,338870
1625342400000,0.8738,0.8847,0.8593,0.8765,62775,627750
1625356800000,0.8765,0.8769,0.856,0.8738,34084,340840
1625371200000,0.8734,0.9048,0.8733,0.9013,65243,652430
1625385600000,0.9014,0.911,0.8949,0.9056,65656,656560
1625400000000,0.9057,0.9126,0.8896,0.9124,58238,582380
1625414400000,0.9125,0.9146,0.9033,0.9045,42508,425080
1625428800000,0.9043,0.9075,0.876,0.8792,58472,584720
1625443200000,0.8785,0.8819,0.8582,0.8637,89965,899650
1625457600000,0.8634,0.8683,0.8554,0.866,59536,595360
1625472000000,0.8659,0.881,0.8384,0.8428,98998,989980
1625486400000,0.8426,0.8726,0.8414,0.8584,95109,951090
1625500800000,0.859,0.892,0.8551,0.8908,81869,818690
1625515200000,0.8901,0.8919,0.8722,0.8724,35535,355350
1625529600000,0.8723,0.8951,0.8713,0.8829,64526,645260
1625544000000,0.8829,0.916,0.8829,0.9088,57261,572610
1625558400000,0.9089,0.9229,0.8884,0.9157,120355,1203550
1625572800000,0.9152,0.932,0.9045,0.907,91973,919730
1625587200000,0.9073,0.9112,0.8902,0.9055,60603,606030
1625601600000,0.9055,0.9157,0.8843,0.9133,51563,515630
1625616000000,0.9125,0.9243,0.9016,0.9221,76052,760520
1625630400000,0.9224,0.9307,0.9068,0.9116,50112,501120
1625644800000,0.9107,0.9191,0.904,0.918,63044,630440
1625659200000,0.9189,0.9372,0.9158,0.921,73577,735770
1625673600000,0.9214,0.9399,0.9154,0.93,56878,568780
1625688000000,0.9291,0.9345,0.9024,0.9061,36717,367170
1625702400000,0.9054,0.9072,0.88,0.8859,110999,1109990
1625716800000,0.8852,0.8887,0.8543,0.8615,80125,801250
1625731200000,0.861,0.8696,0.8467,0.8684,67702,677020
1625745600000,0.8675,0.8732,0.8512,0.8709,47325,473250
1625760000000,0.8706,0.8824,0.8602,0.8762,53757,537570
1625774400000,0.8772,0.8773,0.8476,0.8678,66310,663100
1625788800000,0.8672,0.8689,0.8283,0.8593,142040,1420400
1625803200000,0.8587,0.8726,0.8556,0.8702,45463,454630
1625817600000,0.8699,0.9117,0.8589,0.8854,163101,1631010
1625832000000,0.8849,0.9338,0.8772,0.9209,119453,1194530
1625846400000,0.9215,0.9269,0.9,0.9072,38458,384580
1625860800000,0.9085,0.9238,0.9035,0.9059,35857,358570
1625875200000,0.9062,0.9225,0.8902,0.8962,49851,498510
1625889600000,0.8949,0.8964,0.8811,0.8911,36401,364010
1625904000000,0.8902,0.8933,0.8734,0.885,42926,429260
1625918400000,0.8843,0.8925,0.8774,0.8905,40924,409240
1625932800000,0.8903,0.9002,0.8715,0.8767,37674,376740
1625947200000,0.8764,0.898,0.8662,0.892,31581,315810
1625961600000,0.8921,0.9074,0.8873,0.8913,39303,393030
1625976000000,0.8913,0.912,0.8845,0.9099,30526,305260
1625990400000,0.9099,0.9179,0.904,0.9108,50476,504760
1626004800000,0.9111,0.9186,0.9044,0.91,26256,262560
1626019200000,0.9096,0.9103,0.8953,0.8981,30053,300530
1626033600000,0.8976,0.9064,0.8909,0.8953,35127,351270
1626048000000,0.8944,0.9024,0.8867,0.9016,41004,410040
1626062400000,0.9023,0.9046,0.8877,0.8902,37063,370630
1626076800000,0.8899,0.8932,0.8708,0.8744,84977,849770
1626091200000,0.8744,0.8831,0.8731,0.8751,44448,444480
1626105600000,0.8752,0.8796,0.8513,0.8581,72114,721140
1626120000000,0.8567,0.8737,0.8501,0.867,40105,401050
1626134400000,0.867,0.8751,0.8613,0.8724,67914,679140
1626148800000,0.8727,0.8747,0.8502,0.8667,80446,804460
1626163200000,0.8673,0.8739,0.8566,0.8591,65509,655090
1626177600000,0.8592,0.8724,0.8481,0.8697,69198,691980
1626192000000,0.8698,0.8872,0.8671,0.8818,84696,846960
1626206400000,0.8804,0.8969,0.869,0.8748,72215,722150
1626220800000,0.875,0.881,0.8265,0.8304,162054,1620540
1626235200000,0.8302,0.8442,0.8241,0.8367,60990,609900
1626249600000,0.837,0.8576,0.8209,0.8524,91111,911110
1626264000000,0.852,0.8731,0.8467,0.8598,45520,455200
1626278400000,0.8613,0.868,0.8471,0.848,57918,579180
1626292800000,0.8481,0.8661,0.8481,0.8584,54964,549640
1626307200000,0.8578,0.879,0.849,0.8594,77656,776560
1626321600000,0.8594,0.8619,0.8389,0.8459,77365,773650
1626336000000,0.8461,0.8556,0.8297,0.8339,100417,1004170
1626350400000,0.833,0.8429,0.8284,0.8338,88212,882120
1626364800000,0.8335,0.8384,0.8199,0.8324,67849,678490
1626379200000,0.833,0.8439,0.825,0.8341,34979,349790
1626393600000,0.8344,0.8508,0.8247,0.8453,82905,829050
1626408000000,0.8457,0.8506,0.8092,0.8152,68975,689750
1626422400000,0.8153,0.8155,0.774,0.7742,108895,1088950
1626436800000,0.7739,0.8083,0.7737,0.8083,67062,670620
1626451200000,0.8089,0.8089,0.7911,0.7936,42947,429470
1626465600000,0.7931,0.8032,0.7812,0.7836,98140,981400
1626480000000,0.7832,0.8035,0.7729,0.7852,113597,1135970
1626494400000,0.785,0.8032,0.7805,0.7914,54356,543560
1626508800000,0.7916,0.8066,0.7715,0.7785,148416,1484160
1626523200000,0.7787,0.7924,0.7761,0.7886,75712,757120
1626537600000,0.7885,0.7984,0.7842,0.7975,51972,519720
1626552000000,0.7976,0.7984,0.7817,0.7828,41510,415100
1626566400000,0.7829,0.8135,0.7816,0.8029,75968,759680
1626580800000,0.8032,0.8055,0.79,0.7965,36076,360760
1626595200000,0.7958,0.8034,0.7916,0.8029,30586,305860
1626609600000,0.8027,0.8027,0.7743,0.7804,71192,711920
1626624000000,0.7803,0.7955,0.7779,0.7921,44044,440440
1626638400000,0.7915,0.8058,0.7826,0.7981,83763,837630
1626652800000,0.7981,0.8066,0.7807,0.7916,54854,548540
1626667200000,0.7922,0.809,0.7912,0.7923,56595,565950
1626681600000,0.7934,0.8022,0.7821,0.7835,37674,376740
1626696000000,0.7828,0.7877,0.7524,0.7569,116194,1161940
1626710400000,0.7565,0.7638,0.7488,0.7583,59051,590510
1626724800000,0.7584,0.7621,0.7472,0.7503,68876,688760
1626739200000,0.7506,0.7652,0.6972,0.7048,265969,2659690
1626753600000,0.7037,0.7156,0.6979,0.7122,115054,1150540
1626768000000,0.7117,0.7126,0.676,0.6967,243684,2436840
1626782400000,0.6968,0.7166,0.6884,0.7142,168471,1684710
1626796800000,0.7141,0.7178,0.703,0.71,80030,800300
1626811200000,0.71,0.716,0.6921,0.6957,46453,464530
1626825600000,0.6955,0.715,0.6813,0.7134,95280,952800
1626840000000,0.7132,0.752,0.7125,0.7395,155253,1552530
1626854400000,0.7395,0.7626,0.7323,0.7603,83012,830120
1626868800000,0.7611,0.7799,0.7513,0.7699,126357,1263570
1626883200000,0.7708,0.7828,0.7447,0.7452,181953,1819530
1626897600000,0.745,0.7718,0.7444,0.7702,116988,1169880
1626912000000,0.7706,0.7835,0.7539,0.7606,171413,1714130
1626926400000,0.7603,0.7844,0.7598,0.7793,103252,1032520
1626940800000,0.7797,0.7888,0.7654,0.781,84091,840910
1626955200000,0.7813,0.7933,0.7657,0.792,81324,813240
1626969600000,0.7926,0.797,0.7797,0.7818,47359,473590
1626984000000,0.7819,0.7993,0.7798,0.796,68443,684430
1626998400000,0.7967,0.8112,0.7921,0.8048,55486,554860
1627012800000,0.8052,0.8157,0.7958,0.8007,36073,360730
1627027200000,0.8001,0.8003,0.7779,0.7813,81352,813520
1627041600000,0.7809,0.8051,0.7786,0.7934,79354,793540
1627056000000,0.7927,0.7938,0.7714,0.7762,119803,1198030
1627070400000,0.7765,0.8109,0.7749,0.8082,77061,770610
1627084800000,0.8082,0.8257,0.8033,0.8251,67210,672100
1627099200000,0.8255,0.8286,0.8173,0.8257,40871,408710
1627113600000,0.8254,0.8439,0.8167,0.8436,115414,1154140
1627128000000,0.8434,0.8463,0.8309,0.8322,71069,710690
1627142400000,0.8321,0.8454,0.8179,0.8185,84360,843600
1627156800000,0.8178,0.831,0.8097,0.8262,65137,651370
1627171200000,0.8262,0.8326,0.8019,0.8071,96197,961970
1627185600000,0.8069,0.8217,0.8065,0.8196,58951,589510
1627200000000,0.8192,0.8236,0.808,0.8084,36368,363680
1627214400000,0.8084,0.8391,0.7958,0.832,83102,831020
1627228800000,0.8326,0.9069,0.8283,0.8983,386563,3865630
1627243200000,0.8988,0.8991,0.8826,0.8908,131393,1313930
1627257600000,0.8904,0.9345,0.8861,0.9216,226080,2260800
1627272000000,0.9218,0.9242,0.8898,0.8964,120958,1209580
1627286400000,0.8967,0.904,0.8853,0.9019,97022,970220
1627300800000,0.9019,0.9087,0.8725,0.8897,163518,1635180
1627315200000,0.8892,0.9068,0.8793,0.8866,134320,1343200
1627329600000,0.8857,0.8884,0.8394,0.847,292601,2926010
1627344000000,0.8467,0.8673,0.8244,0.8379,162210,1622100
1627358400000,0.8376,0.8502,0.8356,0.8465,58531,585310
1627372800000,0.8468,0.8688,0.8399,0.8678,87165,871650
1627387200000,0.8678,0.872,0.8457,0.854,106080,1060800
1627401600000,0.8538,0.8545,0.8166,0.8329,120870,1208700
1627416000000,0.8324,0.8573,0.8324,0.8568,57951,579510
1627430400000,0.8566,0.8624,0.8406,0.8444,53661,536610
1627444800000,0.8441,0.8705,0.8359,0.8643,57941,579410
1627459200000,0.8632,0.8713,0.8547,0.8697,50140,501400
1627473600000,0.8699,0.8721,0.8425,0.8589,60958,609580
1627488000000,0.8581,0.8635,0.8274,0.8457,85657,856570
1627502400000,0.8456,0.8483,0.8338,0.8479,45561,455610
1627516800000,0.848,0.8481,0.8249,0.8278,54404,544040
1627531200000,0.8279,0.8393,0.8249,0.8371,37428,374280
1627545600000,0.837,0.8496,0.8328,0.8363,51493,514930
1627560000000,0.8368,0.8581,0.8308,0.8428,62004,620040
1627574400000,0.8434,0.8518,0.835,0.8402,29386,293860
1627588800000,0.8404,0.852,0.8303,0.8463,79378,793780
1627603200000,0.8466,0.8562,0.839,0.8508,62592,625920
1627617600000,0.8509,0.8527,0.8391,0.847,40437,404370
1627632000000,0.8465,0.8472,0.8081,0.8116,88643,886430
1627646400000,0.8114,0.8306,0.8101,0.8286,63758,637580
1627660800000,0.8284,0.8344,0.8208,0.8302,68754,687540
1627675200000,0.8303,0.8543,0.8298,0.8539,79643,796430
1627689600000,0.8534,0.8587,0.8361,0.8384,71539,715390
1627704000000,0.8386,0.8392,0.8212,0.8322,54682,546820
1627718400000,0.8322,0.8504,0.8307,0.8396,69506,695060
1627732800000,0.8393,0.8547,0.8376,0.8513,96645,966450
1627747200000,0.8512,0.8551,0.8304,0.8355,64585,645850
1627761600000,0.8343,0.8505,0.8309,0.8394,35358,353580
1627776000000,0.8384,0.8605,0.8332,0.8601,72291,722910
1627790400000,0.8603,0.8628,0.8407,0.8507,60752,607520
1627804800000,0.8517,0.877,0.8483,0.8625,94011,940110
1627819200000,0.8621,0.8719,0.8505,0.8533,89056,890560
1627862400000,0.8113,0.8199,0.7997,0.8137,92508,925080
1627876800000,0.8139,0.8374,0.8104,0.8299,49279,492790
1627891200000,0.83,0.8311,0.8094,0.82,67479,674790
1627905600000,0.8202,0.8329,0.8038,0.8296,66601,666010
1627920000000,0.8301,0.8398,0.8204,0.8231,62401,624010
1627934400000,0.8233,0.8265,0.8082,0.8166,51423,514230
1627948800000,0.8166,0.8271,0.8039,0.807,66528,665280
1627963200000,0.8072,0.8092,0.79,0.8019,53432,534320
1627977600000,0.8016,0.8225,0.7965,0.8125,50013,500130
1627992000000,0.8122,0.837,0.7997,0.8243,67001,670010
1628006400000,0.8245,0.8327,0.8169,0.8196,51119,511190
1628020800000,0.8192,0.8265,0.8151,0.8187,44102,441020
1628035200000,0.8189,0.8225,0.805,0.8077,91762,917620
1628049600000,0.8077,0.8133,0.8016,0.8059,63778,637780
1628064000000,0.8061,0.8224,0.8021,0.8216,60324,603240
1628078400000,0.8215,0.8374,0.8184,0.8344,67847,678470
1628092800000,0.8348,0.8371,0.826,0.83,44390,443900
1628107200000,0.8309,0.8414,0.8237,0.829,59045,590450
1628121600000,0.8277,0.8354,0.8146,0.8291,47172,471720
1628136000000,0.8292,0.851,0.8241,0.849,62466,624660
1628150400000,0.8488,0.852,0.8267,0.8306,77985,779850
1628164800000,0.8303,0.846,0.811,0.8374,130346,1303460
1628179200000,0.8371,0.8591,0.8349,0.8485,74583,745830
1628193600000,0.8492,0.8542,0.8432,0.8509,40196,401960
1628208000000,0.8509,0.8552,0.8261,0.8277,73219,732190
1628222400000,0.8278,0.8418,0.8229,0.8391,58829,588290
1628236800000,0.8392,0.8498,0.838,0.8383,56909,569090
1628251200000,0.8385,0.8602,0.834,0.8573,103986,1039860
1628265600000,0.857,0.8693,0.8524,0.8587,72953,729530
1628280000000,0.8588,0.8616,0.8488,0.8543,51078,510780
1628294400000,0.8552,0.8696,0.8494,0.868,114743,1147430
1628308800000,0.8682,0.875,0.8575,0.8699,92325,923250
1628323200000,0.8694,0.894,0.8625,0.8888,136136,1361360
1628337600000,0.8893,0.8962,0.8568,0.872,184946,1849460
1628352000000,0.8729,0.8747,0.8436,0.865,119159,1191590
1628366400000,0.865,0.8791,0.8581,0.8754,95905,959050
1628380800000,0.8759,0.886,0.8531,0.8696,120604,1206040
1628395200000,0.87,0.8829,0.8639,0.8702,89633,896330
1628409600000,0.8688,0.8758,0.8504,0.8534,95986,959860
1628424000000,0.8525,0.885,0.8477,0.8537,134321,1343210
1628438400000,0.8536,0.8618,0.817,0.8237,102801,1028010
1628452800000,0.8232,0.8404,0.8176,0.8253,85837,858370
1628467200000,0.826,0.8316,0.8044,0.8165,107770,1077700
1628481600000,0.8166,0.8275,0.8086,0.8275,100051,1000510
1628496000000,0.8267,0.8567,0.8245,0.8521,117725,1177250
1628510400000,0.8526,0.8664,0.8422,0.8656,74312,743120
1628524800000,0.866,0.8711,0.8522,0.8542,93301,933010
1628539200000,0.8556,0.8629,0.8295,0.8549,73372,733720
1628553600000,0.8559,0.8709,0.8385,0.8683,99082,990820
1628568000000,0.8678,0.8844,0.8606,0.8782,96221,962210
1628582400000,0.8774,0.8915,0.8661,0.8877,130393,1303930
1628596800000,0.8877,0.9097,0.8695,0.8721,146101,1461010
1628611200000,0.8729,0.8828,0.8601,0.8805,64632,646320
1628625600000,0.8809,0.8924,0.8748,0.8826,74120,741200
1628640000000,0.8834,0.8981,0.8776,0.8919,131766,1317660
1628654400000,0.8919,0.9202,0.8889,0.9094,114696,1146960
1628668800000,0.91,0.926,0.8983,0.9061,170400,1704000
1628683200000,0.9063,0.9342,0.9017,0.9159,120753,1207530
1628697600000,0.9165,0.9701,0.9094,0.9541,233796,2337960
1628712000000,0.9539,0.9679,0.9065,0.9124,143111,1431110
1628726400000,0.9115,0.9648,0.9096,0.9419,151766,1517660
1628740800000,0.9424,0.9546,0.8732,0.9142,239148,2391480
1628755200000,0.9136,0.9399,0.9038,0.9066,144895,1448950
1628769600000,0.9066,0.9136,0.8529,0.8695,195963,1959630
1628784000000,0.87,0.8911,0.8585,0.881,70574,705740
1628798400000,0.8811,0.8896,0.8613,0.8842,105216,1052160
1628812800000,0.884,0.9043,0.8713,0.8974,103953,1039530
1628827200000,0.8976,0.936,0.8898,0.9336,110143,1101430
1628841600000,0.9348,0.9434,0.9211,0.922,93501,935010
1628856000000,0.9221,0.9437,0.9083,0.9137,134680,1346800
1628870400000,0.913,0.9342,0.9099,0.9194,115966,1159660
1628884800000,0.9196,0.9563,0.9178,0.9547,135372,1353720
1628899200000,0.9551,0.9648,0.9331,0.9374,153865,1538650
1628913600000,0.938,0.9724,0.9324,0.9636,113443,1134430
1628928000000,0.9642,0.9821,0.9101,0.9349,278855,2788550
1628942400000,0.9348,0.9503,0.916,0.9437,123558,1235580
1628956800000,0.9438,0.9474,0.9277,0.9405,108297,1082970
1628971200000,0.9403,0.9403,0.9164,0.9332,78758,787580
1628985600000,0.9336,0.9825,0.9305,0.9632,122186,1221860
1629000000000,0.9637,0.9887,0.9249,0.9363,156739,1567390
1629014400000,0.9354,0.9528,0.9272,0.9481,129982,1299820
1629028800000,0.9467,0.954,0.9235,0.9481,130700,1307000
1629043200000,0.9485,0.9751,0.9352,0.9743,99735,997350
1629057600000,0.9755,1.0244,0.9687,0.9959,138375,1383750
1629072000000,0.9965,1.0051,0.9724,0.9756,147516,1475160
1629086400000,0.977,1.0115,0.977,1.006,116604,1166040
1629100800000,1.0068,1.0292,0.9924,1.0116,148887,1488870
1629115200000,1.0118,1.0125,0.954,0.9748,99159,991590
1629129600000,0.975,1.0024,0.9609,0.9631,96192,961920
1629144000000,0.9626,0.969,0.9364,0.9459,83847,838470
1629158400000,0.9459,0.9678,0.9046,0.9632,171027,1710270
1629172800000,0.9633,0.9772,0.939,0.9555,152659,1526590
1629187200000,0.9565,0.9937,0.955,0.9868,137286,1372860
1629201600000,0.987,0.9928,0.9349,0.9358,136570,1365700
1629216000000,0.9363,0.9553,0.9253,0.9349,204135,2041350
1629230400000,0.9331,0.9359,0.88,0.8835,245607,2456070
1629244800000,0.8835,0.8961,0.8466,0.8826,293694,2936940
1629259200000,0.8832,0.9075,0.8805,0.884,160568,1605680
1629273600000,0.884,0.9167,0.8707,0.8728,185388,1853880
1629288000000,0.8729,0.8811,0.8725,0.881,14131,141310
1629302400000,0.9232,0.9618,0.9153,0.9611,85688,856880
1629316800000,0.9202,0.9411,0.8935,0.9229,198901,1989010
1629331200000,0.9229,0.9556,0.9123,0.9182,242100,2421000
1629345600000,0.9173,1.0226,0.9128,0.9907,332907,3329070
1629360000000,1.0041,1.0164,0.9658,0.9671,291685,2916850
1629374400000,0.9677,1.038,0.9594,1.0358,160107,1601070
1629388800000,1.0426,1.0525,1.015,1.015,150525,1505250
1629403200000,1.0328,1.0451,1.0242,1.0391,49962,499620
1629417600000,1.0456,1.1366,1.0405,1.1307,440956,4409560
1629432000000,1.1314,1.147,1.0903,1.1022,288698,2886980
1629446400000,1.1036,1.1275,1.0818,1.0886,228045,2280450
1629460800000,1.0883,1.1287,1.085,1.1069,194474,1944740
1629475200000,1.107,1.1453,1.1002,1.1069,296271,2962710
1629489600000,1.1069,1.1543,1.1035,1.1373,161412,1614120
1629504000000,1.138,1.1404,1.098,1.1053,154454,1544540
1629518400000,1.1058,1.1227,1.0925,1.1205,110021,1100210
1629532800000,1.1212,1.1899,1.1196,1.1802,332270,3322700
1629547200000,1.1806,1.2228,1.1751,1.1962,332364,3323640
1629561600000,1.1965,1.2169,1.1314,1.1445,229946,2299460
1629576000000,1.1448,1.175,1.1311,1.1484,177185,1771850
1629590400000,1.1485,1.2451,1.1485,1.2267,273506,2735060
1629604800000,1.2271,1.2416,1.1915,1.1934,173413,1734130
1629619200000,1.1938,1.1972,1.173,1.1856,105564,1055640
1629633600000,1.1858,1.1887,1.13,1.1511,188778,1887780
1629648000000,1.1516,1.1615,1.1191,1.1437,155513,1555130
1629662400000,1.1424,1.1628,1.12,1.157,127336,1273360
1629676800000,1.1578,1.1856,1.1441,1.185,140675,1406750
1629691200000,1.1858,1.1879,1.1606,1.1696,102659,1026590
1629705600000,1.1695,1.1857,1.1491,1.1583,119495,1194950
1629720000000,1.1585,1.1737,1.125,1.137,145814,1458140
1629734400000,1.1372,1.1431,1.1109,1.1189,87191,871910
1629748800000,1.1185,1.1597,1.1086,1.1583,99563,995630
1629763200000,1.1581,1.1593,1.1104,1.1246,132024,1320240
1629777600000,1.1235,1.1583,1.1148,1.1494,89324,893240
1629792000000,1.1495,1.159,1.1248,1.14,125406,1254060
1629806400000,1.1398,1.1402,1.0375,1.0561,355582,3555820
1629820800000,1.0546,1.0752,1.015,1.0682,352259,3522590
1629835200000,1.0692,1.0771,1.0342,1.0372,205903,2059030
1629849600000,1.0368,1.0719,1.035,1.0466,240935,2409350
1629864000000,1.0469,1.0684,1.036,1.04,169540,1695400
1629878400000,1.0398,1.0422,1.0005,1.026,201963,2019630
1629892800000,1.0266,1.0669,1.0086,1.0642,193540,1935400
1629907200000,1.0649,1.0801,1.0524,1.0581,136790,1367900
1629921600000,1.0576,1.0678,1.0509,1.0648,99949,999490
1629936000000,1.0655,1.0754,1.0227,1.0248,136753,1367530
1629950400000,1.0244,1.0294,0.9785,0.9893,180848,1808480
1629964800000,0.9896,1.0081,0.9782,0.9985,127476,1274760
1629979200000,0.9948,1.0216,0.9734,0.9904,266211,2662110
1629993600000,0.9907,1.0028,0.97,0.9876,206668,2066680
1630008000000,0.9874,1.0176,0.9844,0.9887,113042,1130420
1630022400000,0.9885,1.0014,0.9595,0.9799,184845,1848450
1630036800000,0.9799,1.0212,0.9654,1.0162,135899,1358990
1630051200000,1.0102,1.0293,0.9974,1.027,101145,1011450
1630065600000,1.0152,1.0506,1.0025,1.0497,118114,1181140
1630080000000,1.0435,1.0636,1.0346,1.0491,138148,1381480
1630094400000,1.0489,1.0666,1.0404,1.0651,103565,1035650
1630108800000,1.0658,1.0673,1.0377,1.0546,135076,1350760
1630123200000,1.0548,1.0755,1.0384,1.0441,180144,1801440
1630137600000,1.0451,1.0564,1.0333,1.0372,91773,917730
1630152000000,1.0376,1.0531,1.023,1.0346,89486,894860
1630166400000,1.0355,1.0659,1.0346,1.0365,110230,1102300
1630180800000,1.0361,1.0522,1.0292,1.0388,90167,901670
1630195200000,1.0393,1.067,1.0105,1.0157,128121,1281210
1630209600000,1.0152,1.0426,0.9995,1.0388,172250,1722500
1630224000000,1.0384,1.0449,1.0263,1.0296,105554,1055540
1630238400000,1.0161,1.0273,1.0056,1.0217,107068,1070680
1630252800000,1.0211,1.0333,1.012,1.0264,107153,1071530
1630267200000,1.0278,1.0545,1.0196,1.0218,98557,985570
1630281600000,1.0218,1.0281,0.9956,1.0012,123451,1234510
1630296000000,0.9997,1.0066,0.989,1.0006,132954,1329540
1630310400000,1.0001,1.0117,0.9934,1.001,70109,701090
1630324800000,0.9945,1.0191,0.9766,1.0174,143599,1435990
1630339200000,1.0179,1.0572,1.0145,1.0433,133115,1331150
1630353600000,1.0434,1.098,1.0162,1.0207,238827,2388270
1630368000000,1.02,1.044,1.0027,1.0431,215109,2151090
1630382400000,1.043,1.1059,1.0362,1.0936,406145,4061450
1630396800000,1.0934,1.1696,1.0875,1.1454,309502,3095020
1630411200000,1.146,1.1476,1.1001,1.1219,292168,2921680
1630425600000,1.1216,1.1532,1.0951,1.1045,274136,2741360
1630440000000,1.1046,1.1199,1.0718,1.1126,195481,1954810
1630454400000,1.1153,1.1602,1.0797,1.1483,303537,3035370
1630468800000,1.1484,1.1854,1.1412,1.1422,308433,3084330
1630483200000,1.1423,1.1549,1.1374,1.144,37410,374100
1630497600000,1.1467,1.1581,1.1331,1.1461,112615,1126150
1630512000000,1.1465,1.1705,1.1359,1.162,169807,1698070
1630526400000,1.1618,1.1702,1.1517,1.1617,65626,656260
1630540800000,1.1622,1.1634,1.1317,1.1369,128440,1284400
1630555200000,1.137,1.1588,1.1367,1.1482,90283,902830
1630569600000,1.1478,1.159,1.1471,1.1539,15316,153160
1630584000000,1.1779,1.1796,1.1228,1.158,206158,2061580
1630598400000,1.1586,1.1612,1.1327,1.1451,115618,1156180
1630612800000,1.1449,1.1567,1.1398,1.143,105903,1059030
1630627200000,1.1427,1.1874,1.1092,1.182,340357,3403570
1630641600000,1.1818,1.2504,1.1741,1.2492,447905,4479050
1630656000000,1.2487,1.2707,1.2302,1.2563,234574,2345740
1630670400000,1.2306,1.2619,1.2231,1.2359,147155,1471550
1630684800000,1.2371,1.2555,1.2252,1.2414,175216,1752160
1630699200000,1.2408,1.2408,1.1991,1.2198,138056,1380560
1630713600000,1.2184,1.2256,1.1922,1.2074,149862,1498620
1630728000000,1.2072,1.2257,1.1955,1.2184,208062,2080620
1630742400000,1.2183,1.2228,1.1946,1.2088,174462,1744620
1630756800000,1.2092,1.2407,1.2025,1.2378,159867,1598670
1630771200000,1.2371,1.2402,1.1903,1.2033,157514,1575140
1630785600000,1.2035,1.233,1.2016,1.2082,97764,977640
1630800000000,1.2086,1.2157,1.1943,1.1969,95829,958290
1630814400000,1.1956,1.2083,1.1816,1.2012,118202,1182020
1630828800000,1.2005,1.294,1.1996,1.2788,306534,3065340
1630843200000,1.2782,1.3101,1.2653,1.2746,314531,3145310
1630857600000,1.2756,1.3508,1.274,1.3366,284562,2845620
1630872000000,1.3369,1.3394,1.3057,1.3148,132834,1328340
1630886400000,1.315,1.3178,1.2939,1.3062,173676,1736760
1630900800000,1.3076,1.3759,1.3042,1.3717,220899,2208990
1630915200000,1.374,1.387,1.3355,1.3387,244947,2449470
1630929600000,1.3379,1.4476,1.2915,1.4165,490165,4901650
1630944000000,1.4169,1.4484,1.3887,1.4193,441284,4412840
1630958400000,1.42,1.487,1.4076,1.46,319529,3195290
1630972800000,1.4605,1.5059,1.4329,1.4546,344435,3444350
1630987200000,1.4558,1.5162,1.4331,1.4871,371365,3713650
1631001600000,1.4891,1.4905,1.3187,1.3587,389737,3897370
1631016000000,1.3586,1.4174,1.3417,1.3569,211369,2113690
1631030400000,1.2063,1.277,1.1578,1.2017,611299,6112990
1631044800000,1.2021,1.2874,1.18,1.2799,517512,5175120
1631059200000,1.2808,1.4,1.2334,1.3597,570457,5704570
1631073600000,1.3609,1.69,1.3502,1.597,2476628,24766280
1631088000000,1.5938,1.6631,1.5924,1.6321,122822,1228220
1631102400000,1.7679,1.9028,1.6664,1.7153,1972256,19722560
1631116800000,1.7164,1.7613,1.5862,1.7426,990289,9902890
1631131200000,1.7429,1.9707,1.6589,1.9151,1125653,11256530
1631145600000,1.9145,2.198,1.9138,2.1439,2110891,21108910
1631160000000,2.1393,2.1907,1.9664,2.0458,851477,8514770
1631174400000,2.0403,2.1274,1.9793,2.0333,344459,3444590
1631188800000,2.0179,2.0764,2.003,2.0133,161423,1614230
1631203200000,2.2834,2.473,2.2753,2.3814,824792,8247920
